statNm,statId,addr,addrDetail,location,useTime,lat,lng,busiId,bnm,busiNm,busiCall,chgerType,output,method,available_chargers,num_chargers,congestion_ratio,working_ratio,statUpdDt,lastTsdt,lastTedt,nowTsdt,zcode,zscode,kind,kindDetail,parkingFree,note,limitYn,limitDetail,delYn,delDetail,trafficYn,year,regionName
워터 고성공룡나라휴게소 대전방향,BE241238,경상남도 고성군 대가면 통영대전고속도로 32,,휴게소 진입로 ,24시간 이용가능,35.055977,128.253486,BE,브라이트에너지파트너스,브라이트에너지파트너스,1600-8025,"10,4","200.0,350.0",단독,6,6,0.0,1.0,2025-05-15 15:39:18,2025-05-15 15:30:24,2025-05-15 15:39:18,,48,48820,C0,C001,Y,,N,,N,,Y,2024,경상남도
워터 고성공룡나라휴게소 통영방향,BE241239,경상남도 고성군 대가면 통영대전고속도로 29,,주유소 우측,24시간 이용가능,35.051847,128.263186,BE,브라이트에너지파트너스,브라이트에너지파트너스,1600-8025,"10,4","200.0,350.0",단독,5,5,0.0,1.0,2025-05-15 13:09:01,2025-05-15 12:44:18,2025-05-15 13:09:01,,48,48820,C0,C001,Y,,N,,N,,Y,2024,경상남도
워터 산청휴게소 통영방향,BE241243,경상남도 산청군 단성면 통영대전고속도로 76,,휴게소 진입로 ,24시간 이용가능,35.332372,127.938946,BE,브라이트에너지파트너스,브라이트에너지파트너스,1600-8025,"10,4","200.0,350.0",단독,4,4,0.0,1.0,2025-05-15 15:57:18,2025-05-15 15:36:05,2025-05-15 15:38:29,,48,48860,C0,C001,Y,,N,,N,,Y,2024,경상남도
통영 스탠포드 호텔,BNFE2301,경상남도 통영시 도남로 347,주차장,,24시간 이용가능,34.824195,128.439317,BN,블루네트웍스,블루네트웍스,1833-9131,4,100.0,동시,0,4,1.0,0.0,2025-03-14 10:51:10,,,,48,48220,E0,E003,Y,상황에 따라 변동,N,상황에 따라 변동,N,,N,2022,경상남도
통영비즈니스호텔,CSCS1021,경상남도 통영시 통영해안로 575,통영비즈니스호텔,주차장,24시간 이용가능,34.8562,128.4397,CS,한국EV충전서비스센터,한국EV충전서비스센터,1600-2213,2,7.0,단독,2,2,0.0,1.0,2025-05-15 08:11:55,2025-05-14 23:11:58,2025-05-14 23:11:58,,48,48220,E0,E003,Y,,N,,N,,N,2023,경상남도
카페녘,CSCS2098,경상남도 통영시 용남면 남해안대로 21,카페녘,주차장,24시간 이용가능,34.89016,128.473463,CS,한국EV충전서비스센터,한국EV충전서비스센터,1600-2213,2,7.0,단독,1,2,0.5,0.5,2025-04-29 10:07:06,2025-04-29 01:07:06,2025-04-29 01:07:06,2024-05-27 13:41:12,48,48220,E0,E005,Y,,N,,N,,N,2022,경상남도
통영가족호텔(이에스오리엔트),CV002752,경상남도 통영시 산양읍 척포길 628-113,"(미남리, 통영가족호텔)",지상1층 F1동 앞 주차장,24시간 이용가능,34.766414694,128.41001963,CV,채비,채비,1522-2573,2,7.0,단독,0,2,1.0,0.0,2025-04-26 18:00:34,2025-04-26 15:45:14,2025-04-26 15:45:14,,48,48220,E0,E003,Y,,N,,N,,N,2023,경상남도
금호통영마리나리조트,CV003399,경상남도 통영시 큰발개1길 33,"(도남동, 금호충무마리나콘도)",지상1층 주차장,24시간 이용가능,34.82581213,128.4375298,CV,채비,채비,1522-2573,"2,4","100.0,7.0","단독,동시",7,7,0.0,1.0,2025-05-15 11:45:35,2025-05-15 11:08:10,2025-05-15 11:37:16,,48,48220,E0,E003,Y,,N,,N,,N,2023,경상남도
통영 유퀸,EP200014,경상남도 통영시 통영해안로 285,구내주차장,구내주차장,24시간 이용가능/시설 상황에 따라 이용이 제한될 수 있습니다,34.8413756,128.4252453,EP,이카플러그,이카플러그,1833-4577,2,7.0,단독,0,2,1.0,0.0,2025-01-17 13:30:00,2024-03-11 08:03:37,2024-03-12 01:03:24,2024-03-11 20:36:37,48,48220,E0,E003,Y,,Y,시설 상황에 따라 이용이 제한될 수 있음,N,,N,2020,경상남도
통영 눈앞에바다,EP200016,경상남도 통영시 산양읍 논아랫개길 148-1,구내주차장,구내주차장,24시간 이용가능/시설 상황에 따라 이용이 제한될 수 있습니다,34.7825176,128.4321559,EP,이카플러그,이카플러그,1833-4577,2,7.0,단독,0,2,1.0,0.0,2025-01-17 13:30:00,2024-05-30 03:05:17,2024-05-30 10:05:00,,48,48220,E0,E003,Y,,Y,시설 상황에 따라 이용이 제한될 수 있음,N,,N,2020,경상남도
통영 더베이골프클럽,EP200017,경상남도 통영시 광도면 덕포로 135,구내주차장,구내주차장,24시간 이용가능/시설 상황에 따라 이용이 제한될 수 있습니다,34.8982368,128.420689,EP,이카플러그,이카플러그,1833-4577,2,7.0,단독,0,2,1.0,0.0,2025-01-17 13:30:00,2024-04-16 03:04:12,2024-04-16 05:04:24,2024-04-16 15:45:12,48,48220,E0,E004,N,,Y,시설 상황에 따라 이용이 제한될 수 있음,N,,N,2020,경상남도
통영 라베르,EP200018,경상남도 통영시 도남로 257-21,구내주차장,구내주차장,24시간 이용가능/시설 상황에 따라 이용이 제한될 수 있습니다,34.8290098,128.4322166,EP,이카플러그,이카플러그,1833-4577,2,7.0,단독,0,2,1.0,0.0,2025-01-17 13:30:00,2024-03-31 07:03:25,2024-04-01 01:04:44,2024-03-31 19:19:25,48,48220,E0,E003,Y,,Y,시설 상황에 따라 이용이 제한될 수 있음,N,,N,2020,경상남도
통영 포르투나호텔,EP200019,경상남도 통영시 미수해안로 152,구내주차장,구내주차장,24시간 이용가능/시설 상황에 따라 이용이 제한될 수 있습니다,34.8329217,128.414083,EP,이카플러그,이카플러그,1833-4577,2,7.0,단독,0,2,1.0,0.0,2025-05-13 23:04:27,2025-04-06 12:04:38,2025-04-06 02:04:33,,48,48220,E0,E003,Y,,Y,시설 상황에 따라 이용이 제한될 수 있음,N,,N,2020,경상남도
통영 견내량펜션,EP200020,경상남도 통영시 용남면 연기길 269,구내주차장,구내주차장,24시간 이용가능/시설 상황에 따라 이용이 제한될 수 있습니다,34.8748162,128.4663558,EP,이카플러그,이카플러그,1833-4577,2,7.0,단독,0,2,1.0,0.0,2025-01-17 13:30:00,2024-04-27 05:04:03,2024-04-27 06:04:43,2024-04-27 17:06:03,48,48220,E0,E003,Y,,Y,시설 상황에 따라 이용이 제한될 수 있음,N,,N,2020,경상남도
통영 바다향기,EP200021,경상남도 통영시 광도면 죽림해안로 36,구내주차장,구내주차장,24시간 이용가능/시설 상황에 따라 이용이 제한될 수 있습니다,34.8872086,128.4205275,EP,이카플러그,이카플러그,1833-4577,2,7.0,단독,0,2,1.0,0.0,2025-01-17 13:30:00,2024-03-27 11:03:54,2024-03-28 02:03:22,2024-03-27 23:09:54,48,48220,E0,E003,Y,,Y,시설 상황에 따라 이용이 제한될 수 있음,N,,N,2020,경상남도
통영 통영상공회의소,EP200022,경상남도 통영시 중앙로 242,구내주차장,구내주차장,24시간 이용가능/시설 상황에 따라 이용이 제한될 수 있습니다,34.8519147,128.4285258,EP,이카플러그,이카플러그,1833-4577,2,7.0,단독,0,2,1.0,0.0,2025-01-17 13:30:00,2024-04-24 09:04:25,2024-04-25 03:04:41,2024-04-24 21:29:25,48,48220,G0,G004,Y,,Y,시설 상황에 따라 이용이 제한될 수 있음,N,,N,2020,경상남도
통영갤러리관광호텔,EP200023,경상남도 통영시 도남로 257-27,구내주차장,구내주차장,24시간 이용가능/시설 상황에 따라 이용이 제한될 수 있습니다,34.8292014,128.4322552,EP,이카플러그,이카플러그,1833-4577,2,7.0,단독,0,2,1.0,0.0,2025-01-17 13:30:00,2024-05-05 08:05:40,2024-05-05 08:05:25,2024-05-04 21:36:38,48,48220,E0,E003,Y,,Y,시설 상황에 따라 이용이 제한될 수 있음,N,,N,2020,경상남도
㈜통영베이콘도호텔,EP200025,경상남도 통영시 도남로 257-93,구내주차장,구내주차장,24시간 이용가능/시설 상황에 따라 이용이 제한될 수 있습니다,34.8296633,128.4327677,EP,이카플러그,이카플러그,1833-4577,2,7.0,단독,0,2,1.0,0.0,2025-01-17 13:30:00,2024-01-28 09:01:33,2024-01-29 12:01:20,2024-01-28 21:12:33,48,48220,E0,E003,Y,,Y,시설 상황에 따라 이용이 제한될 수 있음,N,,N,2020,경상남도
통영 ㈜성창개발 팜비치리조텔,EP200026,경상남도 통영시 도남로 257-45,구내주차장,구내주차장,24시간 이용가능/시설 상황에 따라 이용이 제한될 수 있습니다,34.8296385,128.4327255,EP,이카플러그,이카플러그,1833-4577,2,7.0,단독,0,2,1.0,0.0,2025-01-17 13:30:00,2024-05-14 12:05:47,2024-05-14 12:05:16,2024-05-12 09:32:34,48,48220,E0,E003,Y,,Y,시설 상황에 따라 이용이 제한될 수 있음,N,,N,2020,경상남도
통영 H모텔,EP200028,경상남도 통영시 동충2길 22-4,구내주차장,구내주차장,24시간 이용가능/시설 상황에 따라 이용이 제한될 수 있습니다,34.8403353,128.4227314,EP,이카플러그,이카플러그,이카플러그,2,7.0,단독,0,2,1.0,0.0,2025-01-17 13:30:00,2024-05-03 10:05:56,2024-05-04 05:05:31,2024-05-03 22:43:56,48,48220,E0,E003,Y,,Y,시설 상황에 따라 이용이 제한될 수 있음,N,,N,2020,경상남도
㈜한여울(마리나호텔),EP200033,경상남도 통영시 산양읍 삼칭이해안길 820,구내주차장,구내주차장,24시간 이용가능/시설 상황에 따라 이용이 제한될 수 있습니다,34.8047794,128.4341862,EP,이카플러그,이카플러그,1833-4577,2,7.0,단독,0,2,1.0,0.0,2025-01-17 13:30:00,2024-05-07 04:05:31,2024-05-07 06:05:09,2024-05-07 16:01:31,48,48220,E0,E003,Y,,Y,시설 상황에 따라 이용이 제한될 수 있음,N,,N,2020,경상남도
통영 헤미쉬호텔,EP200038,경상남도 통영시 정동2길 21,구내주차장,구내주차장,24시간 이용가능/시설 상황에 따라 이용이 제한될 수 있습니다,34.844783,128.4319354,EP,이카플러그,이카플러그,1833-4577,2,7.0,단독,0,2,1.0,0.0,2025-01-17 13:30:00,2023-08-14 04:08:59,2023-08-14 05:08:23,2023-08-14 16:57:59,48,48220,E0,E003,Y,,Y,시설 상황에 따라 이용이 제한될 수 있음,N,,N,2020,경상남도
통영베이웨딩홀,EP200039,경상남도 통영시 도남로 257-93,구내주차장,구내주차장,24시간 이용가능/시설 상황에 따라 이용이 제한될 수 있습니다,34.8293904,128.4327191,EP,이카플러그,이카플러그,1833-4577,2,7.0,단독,0,2,1.0,0.0,2025-01-17 13:30:00,2024-03-30 04:03:33,2024-03-30 04:03:25,2024-03-30 16:25:33,48,48220,G0,G004,N,,Y,시설 상황에 따라 이용이 제한될 수 있음,N,,N,2020,경상남도
통영그란데,EP200040,경상남도 통영시 진남아랫길 10,구내주차장,구내주차장,24시간 이용가능/시설 상황에 따라 이용이 제한될 수 있습니다,34.8313675,128.4066906,EP,이카플러그,이카플러그,1833-4577,2,7.0,단독,0,1,1.0,0.0,2025-01-17 13:30:00,2024-04-19 05:04:08,2024-04-19 11:04:16,2024-04-19 17:00:08,48,48220,E0,E003,Y,,Y,시설 상황에 따라 이용이 제한될 수 있음,N,,N,2020,경상남도
통영 브라운도트,EP200041,경상남도 통영시 동충4길 53,구내주차장,구내주차장,24시간 이용가능/시설 상황에 따라 이용이 제한될 수 있습니다,34.842069,128.4238642,EP,이카플러그,이카플러그,1833-4577,2,7.0,단독,0,2,1.0,0.0,2025-01-17 13:30:00,2024-05-03 06:05:38,2024-05-04 02:05:42,2024-05-03 18:12:38,48,48220,E0,E003,Y,,Y,시설 상황에 따라 이용이 제한될 수 있음,N,,N,2020,경상남도
통영 버킹검모텔,EP200042,경상남도 통영시 정동2길 12,구내주차장,구내주차장,24시간 이용가능/시설 상황에 따라 이용이 제한될 수 있습니다,34.8453863,128.4319862,EP,이카플러그,이카플러그,1833-4577,2,7.0,단독,0,2,1.0,0.0,2025-01-17 13:30:00,2024-04-09 06:04:49,2024-04-09 06:04:50,2024-04-09 18:14:49,48,48220,E0,E003,Y,,Y,시설 상황에 따라 이용이 제한될 수 있음,N,,N,2020,경상남도
통영 LA모텔,EP200043,경상남도 통영시 정동1길 14,구내주차장,구내주차장,24시간 이용가능/시설 상황에 따라 이용이 제한될 수 있습니다,34.8455088,128.4313924,EP,이카플러그,이카플러그,1833-4577,2,7.0,단독,0,2,1.0,0.0,2025-01-17 13:30:00,2024-03-01 08:03:25,2024-03-02 01:03:27,2024-03-01 20:48:25,48,48220,E0,E003,Y,,N,시설 상황에 따라 이용이 제한될 수 있음,N,,N,2020,경상남도
통영767,EP200044,경상남도 통영시 산양읍 달아1길 38,구내주차장,구내주차장,24시간 이용가능/시설 상황에 따라 이용이 제한될 수 있습니다,34.7703769,128.407317,EP,이카플러그,이카플러그,1833-4577,2,7.0,단독,0,2,1.0,0.0,2025-01-17 13:30:00,2024-04-13 05:04:54,2024-04-13 05:04:35,2024-04-13 17:24:54,48,48220,E0,E003,Y,,Y,시설 상황에 따라 이용이 제한될 수 있음,N,,N,2020,경상남도
통영 스탠포드호텔앤리조트㈜,EP200046,경상남도 통영시 도남로 347,구내주차장,구내주차장,24시간 이용가능/시설 상황에 따라 이용이 제한될 수 있습니다,34.825059,128.4401302,EP,이카플러그,이카플러그,1833-4577,2,7.0,단독,0,2,1.0,0.0,2025-04-15 11:58:10,2025-03-09 07:03:41,2025-03-09 11:03:29,,48,48220,E0,E003,Y,,Y,시설 상황에 따라 이용이 제한될 수 있음,N,,N,2020,경상남도
통영 오투모텔,EP200049,경상남도 통영시 안개2길 7,구내주차장,구내주차장,24시간 이용가능/시설 상황에 따라 이용이 제한될 수 있습니다,34.8579207,128.4294864,EP,이카플러그,이카플러그,1833-4577,2,7.0,단독,0,2,1.0,0.0,2025-01-17 13:30:00,2024-10-29 08:10:49,2024-10-30 12:10:54,,48,48220,E0,E003,Y,,Y,시설 상황에 따라 이용이 제한될 수 있음,N,,N,2020,경상남도
통영 샤르망모텔,EP200050,경상남도 통영시 안개2길 53,구내주차장,구내주차장,24시간 이용가능/시설 상황에 따라 이용이 제한될 수 있습니다,34.8599921,128.4297753,EP,이카플러그,이카플러그,1833-4577,2,7.0,단독,0,2,1.0,0.0,2025-01-17 13:30:00,2023-07-08 09:07:45,2023-07-09 03:07:22,,48,48220,E0,E003,Y,,Y,시설 상황에 따라 이용이 제한될 수 있음,N,,N,2020,경상남도
통영 꿈의궁전,EP200056,경상남도 통영시 안개1길 25,구내주차장,구내주차장,24시간 이용가능/시설 상황에 따라 이용이 제한될 수 있습니다,34.8584489,128.4290751,EP,이카플러그,이카플러그,1833-4577,2,7.0,단독,0,2,1.0,0.0,2025-01-17 13:30:00,2023-10-16 02:10:20,2023-10-16 02:10:42,2022-09-26 20:46:45,48,48220,E0,E003,Y,,Y,시설 상황에 따라 이용이 제한될 수 있음,N,,N,2020,경상남도
통영 신세계로병원,EP200193,경상남도 통영시 정동2길 58,구내주차장,구내주차장,24시간 이용가능/시설 상황에 따라 이용이 제한될 수 있습니다,34.8437265,128.4303082,EP,이카플러그,이카플러그,1833-4577,2,7.0,단독,0,2,1.0,0.0,2025-01-17 13:30:00,2024-04-11 08:04:55,2024-04-11 03:04:55,2024-04-11 08:15:55,48,48220,I0,I001,N,,Y,거주자외 출입제한,N,,N,2020,경상남도
통영 드레피인,EP200275,경상남도 통영시 용남면 남해안대로 205-39,구내주차장,구내주차장,24시간 이용가능/시설 상황에 따라 이용이 제한될 수 있습니다,34.8868308,128.455616,EP,이카플러그,이카플러그,1833-4577,2,7.0,단독,0,2,1.0,0.0,2025-01-17 13:30:00,2024-05-06 03:05:45,2024-05-06 06:05:35,2024-05-06 15:52:45,48,48220,E0,E003,Y,,Y,시설 상황에 따라 이용이 제한될 수 있음,N,,N,2020,경상남도
통영 이레,EP200276,경상남도 통영시 용남면 장평신촌1길 215-26,구내주차장,구내주차장,24시간 이용가능/시설 상황에 따라 이용이 제한될 수 있습니다,34.8811532,128.4672762,EP,이카플러그,이카플러그,1833-4577,2,7.0,단독,2,2,0.0,1.0,2025-05-15 00:50:57,2025-05-11 10:05:53,2025-05-12 07:05:12,,48,48220,E0,E003,Y,,Y,시설 상황에 따라 이용이 제한될 수 있음,N,,N,2020,경상남도
통영 자연인관광펜션민박,EP200277,경상남도 통영시 평인일주로 470,구내주차장,구내주차장,24시간 이용가능/시설 상황에 따라 이용이 제한될 수 있습니다,34.8534907,128.3815114,EP,이카플러그,이카플러그,1833-4577,2,7.0,단독,0,2,1.0,0.0,2025-01-17 13:30:00,2024-05-01 10:05:12,2024-05-02 05:05:15,2024-05-01 22:00:12,48,48220,E0,E003,Y,,Y,시설 상황에 따라 이용이 제한될 수 있음,N,,N,2020,경상남도
통영 IN모텔,EP200284,경상남도 통영시 광도면 죽림해안로 118-15,구내주차장,구내주차장,24시간 이용가능/시설 상황에 따라 이용이 제한될 수 있습니다,34.8804792,128.4219179,EP,이카플러그,이카플러그,1833-4577,2,7.0,단독,0,2,1.0,0.0,2025-01-17 13:30:00,2024-02-26 09:02:52,2024-02-27 03:02:47,2024-02-26 21:01:52,48,48220,E0,E003,Y,,Y,시설 상황에 따라 이용이 제한될 수 있음,N,,N,2020,경상남도
통영 흙내음관광농원,EP200285,경상남도 통영시 도산면 원산길 338,구내주차장,구내주차장,24시간 이용가능/시설 상황에 따라 이용이 제한될 수 있습니다,34.9374268,128.3699006,EP,이카플러그,이카플러그,1833-4577,2,7.0,단독,0,2,1.0,0.0,2025-01-17 13:30:00,2023-08-04 10:08:14,2023-08-05 04:08:48,2023-08-04 22:03:14,48,48220,E0,E003,Y,,Y,시설 상황에 따라 이용이 제한될 수 있음,N,,N,2020,경상남도
통영 일성모텔,EP200287,경상남도 통영시 동충3길 10,구내주차장,구내주차장,24시간 이용가능/시설 상황에 따라 이용이 제한될 수 있습니다,34.8405989,128.4221691,EP,이카플러그,이카플러그,1833-4577,2,7.0,단독,0,2,1.0,0.0,2025-01-17 13:30:00,2024-02-03 08:02:22,2024-02-03 10:02:31,2024-02-03 20:54:22,48,48220,E0,E003,Y,,Y,시설 상황에 따라 이용이 제한될 수 있음,N,,N,2020,경상남도
통영 아이비모텔,EP200288,경상남도 통영시 광도면 죽림5로 25-55,구내주차장,구내주차장,24시간 이용가능/시설 상황에 따라 이용이 제한될 수 있습니다,34.8857203,128.4214062,EP,이카플러그,이카플러그,1833-4577,2,7.0,단독,0,2,1.0,0.0,2025-01-17 13:30:00,2024-05-03 05:05:24,2024-05-03 10:05:37,2024-05-03 17:51:24,48,48220,E0,E003,Y,,Y,시설 상황에 따라 이용이 제한될 수 있음,N,,N,2020,경상남도
통영 쉼펜션,EP200289,경상남도 통영시 산양읍 논아랫개길 146,구내주차장,구내주차장,24시간 이용가능/시설 상황에 따라 이용이 제한될 수 있습니다,34.7827546,128.4318615,EP,이카플러그,이카플러그,1833-4577,2,7.0,단독,0,2,1.0,0.0,2025-01-17 13:30:00,2024-05-04 11:05:53,2024-05-04 04:05:39,2024-05-04 11:34:53,48,48220,E0,E003,Y,,Y,시설 상황에 따라 이용이 제한될 수 있음,N,,N,2020,경상남도
통영 더밤,EP200291,경상남도 통영시 통영해안로 239,구내주차장,구내주차장,24시간 이용가능/시설 상황에 따라 이용이 제한될 수 있습니다,34.8400319,128.4219469,EP,이카플러그,이카플러그,1833-4577,2,7.0,단독,0,2,1.0,0.0,2025-02-18 13:38:10,2025-02-15 09:02:09,2025-02-16 12:02:20,,48,48220,E0,E003,Y,,Y,시설 상황에 따라 이용이 제한될 수 있음,N,,N,2020,경상남도
통영 넥슨모텔,EP200292,경상남도 통영시 동충3길 6,구내주차장,구내주차장,24시간 이용가능/시설 상황에 따라 이용이 제한될 수 있습니다,34.8404621,128.4220437,EP,이카플러그,이카플러그,1833-4577,2,7.0,단독,0,2,1.0,0.0,2025-01-17 13:30:00,2024-05-04 07:05:39,2024-05-05 05:05:49,2024-05-04 19:25:39,48,48220,E0,E003,Y,,Y,시설 상황에 따라 이용이 제한될 수 있음,N,,N,2020,경상남도
통영 금빛펜션,EP230140,경상남도 통영시 산양읍 이운길 68,,주차장,24시간 이용가능,34.7989392,128.432134,EP,이카플러그,이카플러그,1833-4577,2,7.0,단독,1,1,0.0,1.0,2025-05-13 23:04:10,2025-05-12 11:05:58,2025-05-13 09:05:14,,48,48220,E0,E003,Y,,N,시설 상황에 따라 이용이 제한될 수 있음,N,,N,2023,경상남도
통영 무전동주민센터 신축현장 급속충전소,EP240124,경상남도 통영시 중앙로 320,무전동주민센터,주차장,24시간 이용가능,35.268994325,128.49895784,EP,이카플러그,이카플러그,1833-4577,4,100.0,단독,2,2,0.0,1.0,2025-05-15 14:19:05,2025-05-14 08:05:02,2025-05-14 09:05:58,,48,48220,A0,A002,Y,,N,,N,,Y,2024,경상남도
아토펜션,ER480127,경상남도 통영시 산양읍 풍화일주로 1609-66,,건물앞지상1층주차장,24시간 이용가능,34.8158558,128.3881809,ER,이엘일렉트릭,이엘일렉트릭,1600-0274,2,7.0,단독,1,1,0.0,1.0,2025-05-05 01:14:36,2025-05-05 01:13:15,2025-05-04 21:35:56,,48,48220,E0,E003,N,,N,,N,,Y,2024,경상남도
타셋펜션,ER480129,경상남도 통영시 용남면 연기안길 119,,건물 앞 지상1층주차장,24시간 이용가능,34.8713787,128.463793,ER,이엘일렉트릭,이엘일렉트릭,1600-0274,2,7.0,단독,1,1,0.0,1.0,2025-05-04 19:48:05,2025-05-04 19:46:49,2025-05-04 17:57:22,,48,48220,E0,E003,N,,N,,N,,Y,2025,경상남도
미도모텔,EZ000087,경상남도 통영시 동충2길 13,본관주차장 계량기옆 주차선가운데,본관주차장 계량기옆 주차선가운데,24시간 이용가능,34.8405044,128.4224463,EZ,차지인,차지인,1577-8961,2,7.0,단독,1,1,0.0,1.0,2025-05-15 05:00:12,2025-03-22 15:41:13,2025-03-22 22:21:26,,48,48220,E0,E003,N,,N,,N,,N,2022,경상남도
와모텔,EZ000096,경상남도 통영시 동충4길 8,정문 출입구우측,정문 출입구우측,24시간 이용가능,34.8407584,128.4219134,EZ,차지인,차지인,1577-8961,2,7.0,단독,1,1,0.0,1.0,2025-05-15 05:00:12,2025-04-27 18:10:22,2025-04-28 01:53:02,,48,48220,E0,E003,N,,N,,N,,N,2022,경상남도
통영 해비치펜션민박,EZ000102,경상남도 통영시 용남면 용남해안로 365-1,출입구 우측 간판옆,출입구 우측 간판옆,24시간 이용가능,34.8676664,128.4519668,EZ,차지인,차지인,1577-8961,2,7.0,단독,0,1,1.0,0.0,2025-05-15 05:00:12,2025-04-23 15:46:16,2025-04-23 16:52:22,,48,48220,E0,E003,N,,N,,N,,N,2022,경상남도
윤스호텔(엔터모텔),EZ000122,경상남도 통영시 산양읍 산양중앙로 321,,건물정면좌측나가는곳 제일끝 주차공간,24시간 이용가능,34.7956672,128.416893,EZ,차지인,(주)차지인,1577-8961,2,7.0,단독,1,1,0.0,1.0,2025-05-15 09:00:19,2025-03-22 22:02:51,2025-03-23 09:37:53,,48,48220,E0,E003,Y,,N,,N,,N,2023,경상남도
크라운모텔,EZ000574,경상남도 통영시 정동3길 22,주차장 우측 첫번째 기둥정면,주차장 우측 첫번째 기둥정면,24시간 이용가능,34.8446943,128.4320714,EZ,차지인,차지인,1577-8961,2,7.0,단독,1,1,0.0,1.0,2025-05-15 05:00:13,2023-08-27 12:29:47,2023-08-27 13:32:37,,48,48220,E0,E003,N,,N,,N,,N,2022,경상남도
2월호텔 통영죽림점,EZ001229,경상남도 통영시 광도면 죽림5로 25-28,주차장,주차장,24시간 이용가능,34.886551,128.4203293,EZ,차지인,(주)차지인,1577-8961,2,7.0,단독,1,1,0.0,1.0,2025-05-15 09:00:19,2025-05-12 21:25:04,2025-05-13 01:58:15,,48,48220,E0,E003,Y,,N,,N,,N,2023,경상남도
킹모텔,EZ001527,경상남도 통영시 동충2길 22-5,,안내실 출입구 맞은편 기둥,24시간 이용가능,34.840251,128.4230732,EZ,차지인,(주)차지인,1577-8961,2,7.0,단독,1,1,0.0,1.0,2025-05-15 09:00:20,2025-04-26 18:30:08,2025-04-26 21:34:47,,48,48220,E0,E003,N,,N,,N,,N,2023,경상남도
라라애견펜션,EZ002132,경상남도 통영시 산양읍 척포길 115-27,주차장,주차장,24시간 이용가능,34.7689868,128.4202848,EZ,차지인,(주)차지인,1577-8961,2,7.0,단독,1,1,0.0,1.0,2025-05-15 09:00:21,2025-04-10 18:16:13,2025-04-10 20:56:49,,48,48220,E0,E003,N,,N,,N,,N,2024,경상남도
투모텔,HE192026,경상남도 통영시 정동2길 46-8,실외주차장,,24시간 이용가능,34.846104,128.432168,HE,한국전기차충전서비스,한국전기차충전서비스,1522-1782,2,7.0,단독,1,1,0.0,1.0,2025-04-29 08:48:21,2025-04-10 18:07:57,2025-04-10 18:11:50,,48,48220,E0,E003,Y,,N,,N,,N,2019,경상남도
호텔 야자 통영 여객선터미널점,HE192687,경상남도 통영시 동충2길 9,,,24시간 이용가능,34.840437,128.422267,HE,한국전기차충전서비스,한국전기차충전서비스,1522-1782,2,7.0,단독,1,2,0.5,1.0,2025-05-14 18:35:22,2025-05-03 10:08:01,2025-05-03 10:29:38,2025-05-14 18:35:22,48,48220,E0,E003,Y,,N,,N,,N,2020,경상남도
더카트인통영,HM001649,경상남도 통영시 도산면 도산일주로 147,,,24시간 이용가능,34.898086131,128.35168196,HM,휴맥스이브이,휴맥스이브이,1800-3188,2,7.0,단독,2,2,0.0,1.0,2025-05-13 15:34:34,2025-05-13 14:08:49,2025-05-13 15:32:30,,48,48220,D0,D007,Y,,N,,N,,N,2023,경상남도
과천시민회관,HM001709,경기도 과천시 통영로 5,,,24시간 이용가능,37.427986163,126.98967916,HM,휴맥스이브이,휴맥스이브이,1800-3188,2,7.0,단독,0,3,1.0,0.0,2025-03-26 14:33:10,2024-11-04 18:58:11,2024-11-04 22:47:59,,41,41290,J0,J004,Y,,N,,N,,N,2023,경기도
안정 공영주차장,HM003004,경상남도 통영시 광도면 황리 1645-2,,옥외주차장,24시간 이용가능,34.958021,128.4206619,HM,휴맥스이브이,휴맥스이브이,1800-3189,"2,4","100.0,7.0","단독,동시",6,6,0.0,1.0,2025-05-15 14:00:32,2025-05-15 08:34:36,2025-05-15 13:59:43,,48,48220,B0,B001,Y,,N,,N,,N,2023,경상남도
통영국제음악당,HM003005,경상남도 통영시 큰발개1길 38,통영국제음악당,옥외주차장,24시간 이용가능,34.8259938,128.4400333,HM,휴맥스이브이,휴맥스이브이,1800-3189,"2,4","100.0,7.0","단독,동시",4,4,0.0,1.0,2025-05-14 18:24:35,2025-05-14 13:27:10,2025-05-14 18:23:11,,48,48220,J0,J004,Y,,N,,N,,N,2023,경상남도
디피랑1 공영주차장,HM003006,경상남도 통영시 동호동 215-30,,지상 주차장,24시간 이용가능,34.843658,128.4285573,HM,휴맥스이브이,휴맥스이브이,1800-3188,4,100.0,동시,2,2,0.0,1.0,2025-05-11 15:52:36,2025-05-11 14:07:20,2025-05-11 15:00:06,,48,48220,B0,B001,Y,,N,,N,,N,2023,경상남도
 디피랑3 공영주차장,HM003007,경상남도 통영시 동호동 290-4,,지상 주차장,24시간 이용가능,34.8403997,128.4277791,HM,휴맥스이브이,휴맥스이브이,1800-3188,4,100.0,동시,2,2,0.0,1.0,2025-05-11 18:08:23,2025-05-11 17:26:29,2025-05-11 18:04:57,,48,48220,B0,B001,Y,,N,,N,,N,2023,경상남도
무전제2 공영주차장,HM003008,경상남도 통영시 무전동 1022,,지상 주차장,24시간 이용가능,34.8594798,128.4237781,HM,휴맥스이브이,휴맥스이브이,1800-3188,4,100.0,동시,2,2,0.0,1.0,2025-05-14 20:42:38,2025-05-14 18:56:26,2025-05-14 20:26:58,,48,48220,B0,B001,Y,,N,,N,,N,2023,경상남도
이순신공원,HM003009,경상남도 통영시 정량동 693,,지상 주차장,24시간 이용가능,34.8439898,128.4409974,HM,휴맥스이브이,휴맥스이브이,1800-3188,"2,4","100.0,7.0","단독,동시",5,5,0.0,1.0,2025-05-15 14:52:40,2025-05-15 14:14:39,2025-05-15 14:49:45,,48,48220,D0,D001,Y,,N,,N,,N,2023,경상남도
한산대첩광장지하주차장,HM003010,경상남도 통영시 통영해안로 267,(항남동),지하주차장 b1 C8~E8 기둥 사이,24시간 이용가능,34.8404207,128.4242661,HM,휴맥스이브이,휴맥스이브이,1800-3188,"2,4","100.0,7.0","단독,동시",4,4,0.0,1.0,2025-05-15 13:18:25,2025-05-15 12:28:36,2025-05-15 13:16:22,,48,48220,B0,B001,Y,,N,,N,,N,2023,경상남도
용남생활체육공원 주차장,HM003012,경상남도 통영시 용남면 원평리 917-138,용남생활체육공원,옥외주차장,24시간 이용가능,34.8846647,128.4595116,HM,휴맥스이브이,휴맥스이브이,1800-3188,"2,4","100.0,7.0","단독,동시",3,3,0.0,1.0,2025-05-15 12:08:35,2025-05-14 16:34:37,2025-05-14 17:44:01,,48,48220,B0,B001,Y,,N,,N,,N,2023,경상남도
미륵도주차장,HM003013,경상남도 통영시 봉평동 446,미륵도주차장,옥외주차장,24시간 이용가능,34.8326584,128.412958,HM,휴맥스이브이,휴맥스이브이,1800-3188,4,100.0,동시,2,2,0.0,1.0,2025-05-12 17:28:25,2025-05-12 16:44:10,2025-05-12 17:25:37,,48,48220,B0,B001,Y,,N,,N,,N,2023,경상남도
통제영주차장(세병관),HM003014,경상남도 통영시 세병로 26,(문화동),지상 주차장,24시간 이용가능,34.8458524,128.4232658,HM,휴맥스이브이,휴맥스이브이,1800-3188,4,100.0,동시,2,2,0.0,1.0,2025-05-15 13:24:24,2025-05-15 12:39:59,2025-05-15 13:22:53,,48,48220,B0,B001,Y,,N,,N,,N,2023,경상남도
도산면사무소,HM003015,경상남도 통영시 도산면 법송리 1051-5,도산면사무소,옥외주차장,24시간 이용가능,34.903247,128.3618768,HM,휴맥스이브이,휴맥스이브이,1800-3189,4,100.0,동시,2,2,0.0,1.0,2025-05-15 13:04:29,2025-05-15 12:32:06,2025-05-15 13:02:20,,48,48220,A0,A002,Y,,N,,N,,N,2023,경상남도
산양국민체육센터 주차장,HM003016,경상남도 통영시 산양읍 산양중앙로 100,산양국민체육센터 주차장,옥외주차장,24시간 이용가능,34.803207,128.397914,HM,휴맥스이브이,휴맥스이브이,1800-3188,2,7.0,단독,3,3,0.0,1.0,2025-05-14 21:50:34,2025-05-14 20:01:45,2025-05-14 21:48:26,,48,48220,J0,J007,Y,,N,,N,,N,2023,경상남도
케이블카파크랜드,HM003017,경상남도 통영시 발개로 172-9,케이블카파크랜드,지상 주차장(시그넷 급속 충전기 옆),24시간 이용가능,34.8254213,128.4227313,HM,휴맥스이브이,휴맥스이브이,1800-3189,2,7.0,단독,3,3,0.0,1.0,2025-05-15 04:54:30,2025-05-14 23:42:50,2025-05-15 04:52:02,,48,48220,D0,D007,Y,,N,,N,,N,2023,경상남도
미수해양관광공원,HM003019,경상남도 통영시 미수해안로 45,(미수동),옥외주차장,24시간 이용가능,34.82903,128.4055078,HM,휴맥스이브이,휴맥스이브이,1800-3188,2,7.0,단독,2,2,0.0,1.0,2025-05-15 03:22:25,2025-05-14 20:26:05,2025-05-15 03:21:46,,48,48220,D0,D001,Y,,N,,N,,N,2023,경상남도
생태숲(공원),HM003020,경상남도 통영시 도천동 728-5,도천동,옥외주차장,24시간 이용가능,34.8433777,128.4073438,HM,휴맥스이브이,휴맥스이브이,1800-3188,"2,4","100.0,7.0","단독,동시",3,4,0.25,1.0,2025-05-15 08:52:32,2025-05-14 17:30:54,2025-05-14 18:18:41,2025-05-15 08:52:32,48,48220,D0,D001,Y,,N,,N,,N,2023,경상남도
안정공원,HM003021,경상남도 통영시 광도면 춘원1로 6,안정그린공원,옥외주차장,24시간 이용가능,34.9507012,128.4133383,HM,휴맥스이브이,휴맥스이브이,1800-3188,2,7.0,단독,2,2,0.0,1.0,2025-05-15 15:28:31,2025-05-15 12:28:40,2025-05-15 15:26:10,,48,48220,D0,D001,Y,,N,,N,,N,2023,경상남도
원문생활공원,HM003022,경상남도 통영시 용남면 장문리 1034-3,원문생활공원 주차장,옥외주차장,24시간 이용가능,34.8697199,128.422979,HM,휴맥스이브이,휴맥스이브이,1800-3188,"2,4","100.0,7.0","단독,동시",4,4,0.0,1.0,2025-05-14 10:52:38,2025-05-14 09:28:46,2025-05-14 10:49:30,,48,48220,D0,D001,Y,,N,,N,,N,2023,경상남도
통영시 친환경에너지타운,HM003023,경상남도 통영시 평인일주로 1052-25,(명정동),옥외주차장,24시간 이용가능,34.8586677,128.412473,HM,휴맥스이브이,휴맥스이브이,1800-3188,2,7.0,단독,2,2,0.0,1.0,2025-05-12 17:12:24,2025-05-12 13:12:37,2025-05-12 17:11:52,,48,48220,A0,A004,Y,,N,,N,,N,2023,경상남도
통영체육관 주차장,HM003024,경상남도 통영시 평인일주로 841,통영체육관 주차장,옥외주차장,24시간 이용가능,34.8565506,128.3975072,HM,휴맥스이브이,휴맥스이브이,1800-3188,2,7.0,단독,2,2,0.0,1.0,2025-05-14 16:36:37,2025-05-14 14:09:01,2025-05-14 16:34:58,,48,48220,J0,J007,Y,,N,,N,,N,2023,경상남도
한산도통제영 테마마을주차장,HM003025,경상남도 통영시 한산면 염호리 825-1,한산도통제영 테마마을주차장,옥외주차장,24시간 이용가능,34.7979199,128.474985,HM,휴맥스이브이,휴맥스이브이,1800-3188,2,7.0,단독,2,2,0.0,1.0,2025-05-04 13:58:23,2025-05-04 13:30:04,2025-05-04 13:56:18,,48,48220,B0,B001,Y,,N,,N,,N,2023,경상남도
통영수산과학관,HM003026,경상남도 통영시 산양읍 척포길 628-111,수산과학관,지상 주차장(휴게실 앞),24시간 이용가능,34.7642583,128.4070995,HM,휴맥스이브이,휴맥스이브이,1800-3188,2,7.0,단독,2,2,0.0,1.0,2025-05-11 12:26:37,2025-05-11 11:33:42,2025-05-11 12:24:04,,48,48220,D0,D002,Y,,N,,N,,N,2023,경상남도
통영시 수산식품산업 거점센터,HM800005,경상남도 통영시 도산면 법송2길 7,통영시 수산식품산업 거점센터,옥외주차장,24시간 이용가능,34.8939004,128.3740368,HM,휴맥스이브이,휴맥스이브이,1800-3188,4,100.0,동시,2,2,0.0,1.0,2025-05-12 06:52:33,2025-05-12 06:13:37,2025-05-12 06:50:45,,48,48220,A0,A004,Y,,N,,N,,N,2023,경상남도
통영항연안여객터미널,HM800012,경상남도 통영시 통영해안로 234,(서호동)지상주차장,옥외주차장,24시간 이용가능,34.84075,128.4203099,HM,휴맥스이브이,휴맥스이브이,1800-3188,"2,4","100.0,7.0","단독,동시",10,10,0.0,1.0,2025-05-15 14:44:37,2025-05-15 13:36:26,2025-05-15 14:43:03,,48,48220,A0,A004,Y,,N,,N,,N,2023,경상남도
창원지검통영지청사,HM800013,경상남도 통영시 용남면 동달안길 65,창원지검통영지청사,옥외주차장,24시간 이용,34.8644143,128.4447448,HM,휴맥스이브이,휴맥스이브이,1800-3188,4,100.0,동시,2,2,0.0,1.0,2025-05-15 14:40:41,2025-05-15 14:28:26,2025-05-15 14:38:46,,48,48220,A0,A003,Y,,N,,N,,N,2024,경상남도
창원지방법원통영지원청사,HM800020,경상남도 통영시 용남면 동달리 857,창원지방법원통영지원청사,옥외주차장,24시간 이용,34.8650971,128.446283,HM,휴맥스이브이,휴맥스이브이,1800-3188,4,100.0,동시,2,2,0.0,1.0,2025-05-14 11:46:40,2025-05-14 10:52:46,2025-05-14 11:44:31,,48,48220,A0,A003,Y,,N,,N,,N,2024,경상남도
통영해양경찰서,HM810001,경상남도 통영시 광도면 죽림2로 45,통영해양경찰서,옥외주차장,24시간 이용,34.8803876,128.4178623,HM,휴맥스이브이,휴맥스이브이,1800-3188,2,7.0,단독,1,1,0.0,1.0,2025-05-15 00:10:30,2025-05-14 22:00:25,2025-05-15 00:08:13,,48,48220,I0,I004,Y,,N,,N,,N,2023,경상남도
충렬사,HM810003,경상남도 통영시 여황로 251,통영충렬사,옥외주차장,24시간 이용,34.8468006,128.4175944,HM,휴맥스이브이,휴맥스이브이,1800-3188,4,100.0,동시,2,2,0.0,1.0,2025-05-14 17:20:42,2025-05-14 13:37:35,2025-05-14 14:40:38,,48,48220,D0,D009,N,,N,,N,,N,2024,경상남도
굴수하식수산업협동조합,HM810007,경상남도 통영시 용남면 견내량로 22,굴수하식수산업협동조합,옥외주차장,24시간 이용,34.8888788,128.4609946,HM,휴맥스이브이,휴맥스이브이,1800-3188,4,100.0,동시,2,2,0.0,1.0,2025-05-15 09:58:37,2025-05-15 09:24:58,2025-05-15 09:57:29,,48,48220,G0,G004,N,,N,,N,,N,2024,경상남도
통영시청1청사,HM810035,경상남도 통영시 통영해안로 515,통영시청1청사,옥외주차장,24시간 이용,34.8543423,128.4331779,HM,휴맥스이브이,휴맥스이브이,1800-3188,4,100.0,동시,2,2,0.0,1.0,2025-05-15 13:48:30,2025-05-15 10:12:00,2025-05-15 10:29:05,,48,48220,A0,A003,N,,N,,N,,N,2024,경상남도
통영시청2청사,HM810037,경상남도 통영시 해미당1길 33,,옥외주차장 입구 좌측,24시간 이용,34.8543423,128.4331779,HM,휴맥스이브이,휴맥스이브이,1800-3188,4,100.0,동시,2,2,0.0,1.0,2025-05-14 21:36:43,2025-05-14 20:36:41,2025-05-14 21:34:29,,48,48220,A0,A003,Y,,N,,N,,N,2024,경상남도
해피데이,HM810041,경상남도 통영시 광도면 죽림4로 8,해피데이,2층 주차장,24시간 이용,34.8863143,128.4160059,HM,휴맥스이브이,휴맥스이브이,1800-3188,4,100.0,동시,4,4,0.0,1.0,2025-05-11 14:06:39,2025-05-11 11:27:02,2025-05-11 11:50:49,,48,48220,G0,G004,N,,N,,N,,N,2024,경상남도
충무요양병원,HW000205,경상남도 통영시 남해안대로 760,충무요양병원,야외주차장,24시간 이용가능,34.8656448,128.4243575,HW,한화솔루션,한화솔루션,1533-3464,2,7.0,단독,3,3,0.0,1.0,2025-04-30 08:17:44,2025-04-05 10:01:14,2025-04-05 14:36:33,,48,48220,I0,I001,N,,N,,N,,N,2023,경상남도
로젠택배(통영),HY000126,경상남도 통영시 도산면 법송로 85-17,내부 상차 레일 마주보는 양측 기둥,물류센터 내부 상차 레일 마주보는 양측 기둥,24시간 이용가능,34.9077783,128.5135529,HY,현대엔지니어링,현대엔지니어링,1833-8777,2,7.0,단독,6,6,0.0,1.0,2025-05-15 10:16:03,2025-05-15 08:38:18,2025-05-15 10:14:52,,48,48220,B0,B004,Y,,Y,직원전용시설,N,,N,2023,경상남도
경남 통계청 통영사무소,HY000976,경상남도 통영시 용남면 용남해안로 355,지상주차장,경상남도 통영시 용남면 용남해안로 355 지상주차장,24시간 이용가능,34.868057,128.4508542,HY,현대엔지니어링,현대엔지니어링,1833-8777,"2,4","100.0,7.0","단독,동시",3,3,0.0,1.0,2025-05-14 18:04:07,2025-05-14 18:03:02,2025-05-14 18:03:02,,48,48220,A0,A002,N,,N,,N,,N,2024,경상남도
통영동원로얄CC,IN055020,경상남도 통영시 산양읍 담안길 240,주출입구 앞 옥외,주출입구 앞 옥외,24시간 이용가능,34.81,128.4277,IN,신세계아이앤씨,신세계아이앤씨,1899-7495,2,7.0,단독,4,5,0.1999999999999999,1.0,2025-05-13 18:01:30,2025-05-13 17:42:53,2025-05-13 18:01:30,2025-02-17 07:38:35,48,48220,E0,E004,Y,,N,,N,,N,2023,경상남도
통영유스호스텔,IN055021,경상남도 통영시 산양읍 담안길 160-21,주출입구 좌측 옥외,주출입구 좌측 옥외,24시간 이용가능,34.8168,128.4233,IN,신세계아이앤씨,신세계아이앤씨,1899-7495,2,7.0,단독,5,5,0.0,1.0,2025-05-11 09:01:20,2025-05-11 01:35:40,2025-05-11 09:01:20,,48,48220,E0,E003,Y,,N,,N,,N,2023,경상남도
롯데칠성음료 통영영업소,JA480005,경상남도 통영시 동호안길 24,롯데칠성음료 통영영업소 지상 1층,롯데칠성음료 통영영업소 지상 1층,24시간 이용가능,34.8405135,128.4335732,JA,이브이시스,이브이시스,1577-1556,2,11.0,단독,1,1,0.0,1.0,2025-05-15 07:20:01,2025-05-14 17:14:01,2025-05-15 07:20:01,,48,48220,G0,G004,Y,,Y,직원 및 업무용차량 출입 제한,N,,N,2022,경상남도
롯데마트 통영점 노외주차장,JA480023,경상남도 통영시 무전대로 65,롯데마트 통영점 노외주차장,지상 1층 입구 우측,24시간 이용가능,34.8616068,128.4275043,JA,이브이시스,이브이시스,1577-1556,4,100.0,동시,5,6,0.1666666666666666,1.0,2025-05-15 15:56:07,2025-05-15 15:56:07,2025-05-15 15:56:07,2025-05-15 15:56:07,48,48220,E0,E001,N,,N,,N,,N,2023,경상남도
통영서울병원 장례식장주차장,JA480031,경상남도 통영시 광도면 남해안대로 857,통영서울병원 장례식장주차장,통영서울병원 장례식장주차장,24시간 이용가능,34.870503,128.4139745,JA,이브이시스,이브이시스,1577-1556,"2,4","30.0,7.0",단독,2,2,0.0,1.0,2025-05-14 10:20:08,2025-05-14 09:14:08,2025-05-14 10:20:08,,48,48220,I0,I001,Y,,N,,N,,N,2024,경상남도
신흥여객,JASHY001,경상남도 통영시 광도면 남해안대로 1130-10,,,24시간 이용가능,34.892407708,128.41745828,JA,이브이시스,이브이시스,1577-1556,4,240.0,동시,0,2,1.0,0.0,,,,,48,48220,G0,G004,Y,,Y,관계자외 사용불가,N,,N,2024,경상남도
통영교통,JATY0001,경상남도 통영시 광도면 남해안대로 1130-10,,,24시간 이용가능,34.892407708,128.41745828,JA,이브이시스,이브이시스,1577-1556,4,240.0,동시,0,10,1.0,0.0,,,,,48,48220,G0,G004,Y,,Y,관계자외 사용불가,N,,N,2023,경상남도
한선파라디움아파트,KL002652,경상남도 통영시 광도면 죽림1로 41-23,,지하4층 출입구 옆 04기둥 쪽,24시간 이용가능,34.87854,128.41674,KL,클린일렉스,클린일렉스,1811-1350,2,"14.0,7.0",단독,5,5,0.0,1.0,2025-05-15 03:24:04,2025-05-15 00:12:39,2025-05-15 03:18:12,,48,48220,G0,G004,Y,,N,,N,,N,2023,경상남도
통영 충무체육관,KP003458,경상남도 통영시 북문2길 34,,,24시간 이용가능,34.85116181446,128.42874516634,KP,한국전력공사,한국전력,1899-2100,6,50.0,,1,1,0.0,1.0,2025-05-15 03:50:02,2025-05-12 08:23:53,2025-05-12 08:23:55,,48,48220,J0,J007,Y,,N,,N,,N,2019,경상남도
통영지사,KP003512,경상남도 통영시 광도면 죽림2로 25-40,,,24시간 이용가능,34.8824,128.4164,KP,한국전력공사,한국전력,1899-2100,2,7.0,단독,3,3,0.0,1.0,2025-05-15 13:33:07,2025-05-15 08:11:03,2025-05-15 12:15:01,,48,48220,A0,A003,Y,,Y,시설 상황에 따라 이용이 제한될 수 있음,N,,N,2016,경상남도
한려해상생태탐방원,KP004181,경상남도 통영시 산양읍 산양일주로 1361-96,,,24시간 이용가능,34.779822074,128.38950394,KP,한국전력공사,한국전력,1899-2100,4,100.0,,2,2,0.0,1.0,2025-05-15 15:48:08,2025-05-15 15:00:33,2025-05-15 15:42:44,,48,48220,G0,G004,Y,,N,,N,,N,2021,경상남도
통영시청2청사,KP005098,경상남도 통영시 해미당1길 33,,,24시간 이용가능,34.8558,128.4309,KP,한국전력공사,한국전력,1899-2100,4,100.0,단독,2,2,0.0,1.0,2025-05-15 15:30:06,2025-05-15 15:13:16,2025-05-15 15:29:41,,48,48220,A0,A001,Y,,N,,N,,N,2022,경상남도
통영시종합사회복지관,KP005214,경상남도 통영시 안개4길 94,,,24시간 이용가능,34.8593,128.4324,KP,한국전력공사,한국전력,1899-2100,4,100.0,단독,0,1,1.0,1.0,2025-05-15 14:34:11,2025-05-14 13:24:39,2025-05-14 13:48:35,2025-05-15 14:32:15,48,48220,A0,A004,Y,,N,,N,,N,2022,경상남도
통영시사량면사무소,KP005215,경상남도 통영시 사량면 상도일주로 1580-11,,,24시간 이용가능,34.84253,128.2198,KP,한국전력공사,한국전력,1899-2100,4,100.0,단독,1,1,0.0,1.0,2025-05-15 13:04:09,2025-05-15 12:30:42,2025-05-15 13:03:37,,48,48220,A0,A001,Y,,N,,N,,N,2022,경상남도
통영시욕지면사무소,KP005216,경상남도 통영시 욕지면 중촌길 193,,,24시간 이용가능,34.6364,128.2633,KP,한국전력공사,한국전력,1899-2100,4,100.0,단독,1,1,0.0,1.0,2025-05-15 13:24:03,2025-05-15 12:32:03,2025-05-15 13:22:47,,48,48220,A0,A001,Y,,N,,N,,N,2022,경상남도
산청휴게소(대전방향),KP005372,경상남도 산청군 단성면 통영대전고속도로 76,,,24시간 이용가능,35.333,127.9391,KP,한국전력공사,한국전력,1899-2100,4,100.0,단독,1,3,0.6666666666666667,1.0,2025-05-15 15:54:05,2025-05-15 15:13:47,2025-05-15 15:40:36,2025-05-15 15:53:04,48,48860,C0,C001,Y,,N,,N,,N,2022,경상남도
산청휴게소(통영방향),KP005373,경상남도 산청군 단성면 통영대전고속도로 77,,,24시간 이용가능,35.333,127.9373,KP,한국전력공사,한국전력,1899-2100,4,100.0,단독,3,3,0.0,1.0,2025-05-15 14:50:32,2025-05-15 14:35:52,2025-05-15 14:49:31,,48,48860,C0,C001,Y,,N,,N,,N,2022,경상남도
평림생활체육공원,KP005599,경상남도 통영시 평인일주로 831,,,24시간 이용가능,34.85,128.89,KP,한국전력공사,한국전력,18992100,4,50.0,단독,1,1,0.0,1.0,2025-05-12 21:56:08,2025-05-12 18:54:49,2025-05-12 19:55:12,,48,48220,A0,A004,Y,,N,,N,,N,2023,경상남도
거제대교 충전소,KP005600,경상남도 통영시 용남면 남해안대로 47,,,24시간 이용가능,34.89,128.47,KP,한국전력공사,한국전력,1899-2100,4,100.0,동시,0,2,1.0,1.0,2025-05-15 15:28:11,2025-05-15 13:07:42,2025-05-15 13:35:19,2025-05-15 15:27:15,48,48220,C0,C001,Y,,N,,N,,N,2023,경상남도
새통영병원,LU001667,경상남도 통영시 무전7길 192,새통영병원,야외주차장 건물뒷쪽,24시간 이용가능,34.865384,128.420656,LU,LG유플러스 볼트업,엘지유플러스,1660-0365,2,7.0,단독,3,3,0.0,1.0,2025-05-15 08:25:56,2025-05-14 17:14:09,2025-05-15 01:59:59,,48,48220,I0,I001,N,,N,,N,,N,2024,경상남도
고성공룡나라(통영) 휴게소,ME178048,경상남도 고성군 대가면 통영대전고속도로 29 (송계리),,,24시간 이용가능,35.0515247,128.2640664,ME,환경부,환경부,1661-9408,6,50.0,단독,1,1,0.0,1.0,2025-05-15 15:55:16,2025-05-14 10:40:07,2025-05-14 10:41:39,,48,48820,C0,C001,Y,,N,,N,,N,2017,경상남도
고성공룡나라(대전) 휴게소,ME178049,경상남도 고성군 대가면 통영대전고속도로 32 (신전리),,,24시간 이용가능,35.0570523,128.2513447,ME,환경부,환경부,1661-9408,6,50.0,단독,1,1,0.0,1.0,2025-05-15 15:54:14,2025-05-15 11:02:54,2025-05-15 11:40:19,,48,48820,C0,C001,Y,,N,,N,,N,2017,경상남도
통영시청1청사,ME19C167,경상남도 통영시 무전동 357,,,24시간 이용가능,34.854783,128.433358,ME,환경부,환경부,1661-9408,4,100.0,동시,2,2,0.0,1.0,2025-05-15 15:56:21,2025-05-15 12:37:57,2025-05-15 12:39:26,,48,48220,A0,A001,N,,N,,N,,N,2019,경상남도
산양스포츠파크 주차장,ME19E123,경상남도 통영시 산양읍 남평리 741-9,,,24시간 이용가능,34.803423,128.396925,ME,환경부,환경부,1661-9408,4,100.0,단독,1,1,0.0,1.0,2025-05-15 15:52:46,2025-05-02 12:03:37,2025-05-02 12:05:10,,48,48220,J0,J007,Y,,N,,N,,N,2019,경상남도
통영RCE세자트라숲,ME19E124,경상남도 통영시 용남면 화삼리 202,,,24시간 이용가능,34.850788489,128.44965241,ME,환경부,환경부,1661-9408,4,100.0,단독,1,1,0.0,1.0,2025-05-15 15:54:10,2025-05-13 17:46:26,2025-05-13 18:24:53,,48,48220,D0,D007,Y,,N,,N,,N,2019,경상남도
이마트 통영점,ME19Z225,경상남도 통영시 광도면 죽림4로 9,,,24시간 이용가능,34.887106,128.418269,ME,환경부,환경부,1661-9408,4,100.0,단독,2,2,0.0,1.0,2025-05-15 15:53:57,2025-05-15 10:58:16,2025-05-15 11:38:16,,48,48220,E0,E001,N,,N,,N,,N,2019,경상남도
국민연금공단 통영지사,ME20C236,경상남도 통영시 광도면 신죽3길 16,,,24시간 이용가능,34.8739506,128.4179382,ME,환경부,환경부,1661-9408,4,100.0,단독,2,2,0.0,1.0,2025-05-15 15:55:16,2025-05-15 11:16:07,2025-05-15 11:54:19,,48,48220,A0,A003,Y,,N,,N,,N,2021,경상남도
한려해상국립공원 연화 주차장,ME20C237,경상남도 통영시 산양읍 연화리 114-1,,,24시간 이용가능,34.7703167,128.4008405,ME,환경부,환경부,1661-9408,4,200.0,동시,2,2,0.0,1.0,2025-05-15 15:54:23,2025-05-12 18:57:19,2025-05-12 19:07:34,,48,48220,B0,B002,Y,,N,,N,,N,2021,경상남도
안정주차장,ME20C406,경상남도 통영시 광도면 황리 1645-2,,,24시간 이용가능,34.9578857,128.4200156,ME,환경부,환경부,1661-9408,4,100.0,단독,4,4,0.0,1.0,2025-05-15 15:57:00,2025-05-15 10:14:29,2025-05-15 10:54:29,,48,48220,B0,B004,Y,,N,,N,,N,2021,경상남도
통영 유람선 터미널,ME20C407,경상남도 통영시 도남동 635,,,24시간 이용가능,34.8277662,128.4328477,ME,환경부,환경부,1661-9408,4,200.0,동시,4,4,0.0,1.0,2025-05-15 15:56:07,2025-05-15 12:29:44,2025-05-15 12:58:00,,48,48220,B0,B001,N,,N,,N,,N,2020,경상남도
케이블카파크랜드 주차장,ME20C408,경상남도 통영시 도남동 354,,,24시간 이용가능,34.8257275,128.4233321,ME,환경부,환경부,1661-9408,4,100.0,단독,4,4,0.0,1.0,2025-05-15 15:52:19,2025-05-15 07:15:46,2025-05-15 07:54:27,,48,48220,B0,B002,Y,,N,,N,,N,2021,경상남도
통영해양경찰서 (광도면),ME20D114,경상남도 통영시 광도면 죽림2로45,,,24시간 이용가능,34.880504,128.4180649,ME,환경부,환경부,1661-9408,4,100.0,단독,1,1,0.0,1.0,2025-05-15 15:54:47,2025-05-15 15:14:40,2025-05-15 15:54:46,,48,48220,I0,I004,Y,,N,,N,,N,2021,경상남도
산양읍사무소 ,ME20D202,경상남도 통영시 산양읍 산양일주로1683-25,,,24시간 이용가능,34.803504,128.386534,ME,환경부,환경부,1661-9408,4,100.0,단독,2,2,0.0,1.0,2025-05-15 15:50:40,2025-05-15 14:35:23,2025-05-15 15:15:29,,48,48220,A0,A001,Y,,N,,N,,Y,2021,경상남도
통영경찰서,ME21C269,경상남도 통영시 광도면 죽림3로 53,,,24시간 이용가능,34.882469,128.419797,ME,환경부,환경부,1661-9408,4,200.0,동시,2,2,0.0,1.0,2025-05-15 15:57:02,2025-05-15 11:35:43,2025-05-15 11:54:09,,48,48220,I0,I004,Y,,N,,N,,N,2021,경상남도
북신지구대,ME22D264,경상남도 통영시 무전대로 40,경상남도 통영시 무전대로 40,,24시간 이용가능,34.8598181,128.4250025,ME,환경부,환경부,1661-9408,4,100.0,단독,2,2,0.0,1.0,2025-05-15 15:56:13,2025-05-15 13:05:02,2025-05-15 13:27:42,,48,48220,I0,I004,Y,,N,,N,,N,2022,경상남도
경남 통영 스탠포드 호텔,NNEVN004,경상남도 통영시 도남로 347,,,24시간 이용가능,34.8250607,128.4401422,NN,이브이네스트,이브이네스트,02-2138-8031,4,100.0,동시,0,4,1.0,0.0,2025-05-15 00:18:10,2025-05-14 18:04:06,2025-05-14 19:00:06,,48,48220,E0,E003,Y,시설 상황에 따라 이용이 제한될 수 있음,N,시설 상황에 따라 이용이 제한될 수 있음,N,,N,2022,경상남도
탑마트 통영점,NT100841,경상남도 통영시 미수해안로 164-13,,지상주차장,24시간 이용가능,34.83217,128.41392,NT,한국전자금융,한국전자금융,1533-2522,6,50.0,단독,1,1,0.0,1.0,2025-05-14 19:24:50,2025-05-14 19:00:50,2025-05-14 19:24:50,,48,48220,E0,E001,N,,N,,N,,N,2023,경상남도
통영시 그레이호텔,PI550061,경상남도 통영시 동충1길 12-2,주차장(전원 OFF면 호텔프런트로 문의),,24시간 이용가능,34.83993482,128.4223112,PI,GS차지비,GS차지비,1600-4047,2,7.0,,1,2,0.5,0.5,2025-05-15 15:33:10,2025-05-13 06:52:01,2025-05-13 06:52:01,,48,48220,E0,E003,Y,,N,,N,,N,2020,경상남도
통영시 통영정신병원,PI550071,경상남도 통영시 도산면 남해안대로 1820,주차장,,24시간 이용가능,34.91252332,128.360517,PI,GS차지비,GS차지비,1600-4047,2,7.0,,2,2,0.0,1.0,2025-05-15 15:34:21,2025-05-14 15:45:51,2025-05-14 15:45:51,,48,48220,I0,I001,Y,,N,,N,,N,2020,경상남도
통영시 클럽ES통영리조트,PI550481,경상남도 통영시 산양읍 척포길 628-113,주차장,주차장,24시간 이용가능,34.766136858,128.40985913,PI,GS차지비,GS차지비,1600-4047,2,7.0,단독,2,2,0.0,1.0,2025-05-12 06:25:21,2025-05-12 03:47:42,2025-05-12 03:47:42,,48,48220,E0,E003,Y,,N,,N,,N,2022,경상남도
통영시 통영미성스위트펜션,PI550496,경상남도 통영시 산양읍 산양일주로 594,주차장,주차장,24시간 이용가능,34.792497205,128.41882601,PI,GS차지비,GS차지비,1600-4047,2,7.0,단독,1,1,0.0,1.0,2025-05-08 01:01:05,2025-05-06 00:34:35,2025-05-06 00:34:35,,48,48220,E0,E003,Y,,N,,N,,N,2023,경상남도
통영시 바다모텔,PI550498,경상남도 통영시 남망공원길 3,주차장,주차장,24시간 이용가능,34.843228225,128.42711051,PI,GS차지비,GS차지비,1600-4047,2,7.0,단독,2,2,0.0,1.0,2025-05-14 10:31:27,2025-05-10 06:59:34,2025-05-10 06:59:34,,48,48220,E0,E003,Y,,N,,N,,N,2023,경상남도
통영시 정각사사찰,PI550519,경상남도 통영시 광도면 홀리1길 340-198,,주차장,24시간 이용가능,34.8955389,128.3946865,PI,GS차지비,GS차지비,1600-4047,2,7.0,단독,1,1,0.0,1.0,2025-05-08 01:04:52,2025-02-17 14:53:30,2025-02-17 14:53:30,,48,48220,I0,I002,Y,,N,,N,,N,2024,경상남도
통영시 사이존모텔,PI550557,경상남도 통영시 광도면 죽림해안로 40,지상1층주차장입구왼쪽 ,지상1층주차장입구왼쪽 ,24시간 이용가능,34.8868941,128.4207809,PI,GS차지비,GS차지비,1600-4047,2,7.0,단독,1,1,0.0,1.0,2025-05-14 10:30:09,2025-05-03 16:04:39,2025-05-03 16:04:39,,48,48220,E0,E003,Y,,N,,N,,N,2023,경상남도
통영 베스트모텔,PS001254,경상남도 통영시 광도면 죽림리 1572-48 베스트모텔,,주차장,24시간 이용가능,34.882702834,128.42295008,PS,이브이파킹서비스,이브이파킹서비스,1533-5421,2,7.0,단독,0,2,1.0,0.0,2025-01-17 13:30:00,2024-10-18 06:52:45,2024-10-18 11:00:13,,48,48220,E0,E003,Y,,N,,N,,N,2023,경상남도
덕유산휴게소(통영),SGMAC019,전북특별자치도 장수군 계북면 통영대전고속도로 147,,,24시간 이용가능,35.8133679,127.6429212,SG,SK시그넷,SK시그넷 ,1661-7737,4,350.0,단독,6,7,0.1428571428571429,1.0,2025-05-15 15:50:28,2025-05-15 13:48:50,2025-05-15 14:13:13,2025-05-15 13:47:42,52,52740,C0,C001,Y,회원가 295원 비회원가 295원,N,,N,,N,2024,전북특별자치도
덕유산휴게소(대전) ,SGMAC031,전북특별자치도 무주군 안성면 통영대전고속도로 148,,,24시간 이용가능,35.8176832,127.6458246,SG,SK시그넷,SK시그넷 ,1661-7737,4,350.0,단독,5,6,0.1666666666666666,1.0,2025-05-15 15:24:18,2025-05-15 14:21:03,2025-05-15 15:02:38,2025-05-15 13:18:30,52,52730,C0,C001,Y,회원가 295원 비회원가 295원,N,,N,,N,2025,전북특별자치도
통영교육지원청,SH005730,경상남도 통영시 광도면 죽림2로 25-32,,,24시간 이용가능,34.882076,128.416708,SH,에스에이치에너지,SH ENERGY,1522-0417,"6,7","50.0,7.0",단독,1,2,0.5,0.5,2025-05-15 15:23:10,2025-05-15 08:24:55,2025-05-15 09:07:26,,48,48220,A0,A004,Y,,N,,N,,Y,2023,경상남도
원탑,SOSKQ137,경상남도 통영시 도산면 도산일주로 1810,,주차장,24시간 이용가능,34.87180452,128.35605333,SO,선광시스템,선광시스템,1533-2972,2,7.0,단독,1,1,0.0,1.0,2025-05-14 14:05:49,2025-05-14 11:03:48,2025-05-14 14:05:49,,48,48220,E0,E003,Y,,N,시설 상황에  따라 이용이 제한될 수 있음,N,,N,2022,경상남도
호텔본,SOSKQ168,경상남도 통영시 광도면 죽림5로 25-53,,,24시간 이용가능,34.88577,128.421166,SO,선광시스템,선광시스템,1533-2972,2,7.0,단독,1,1,0.0,1.0,2025-05-04 07:02:10,2025-05-03 20:44:06,2025-05-04 07:02:10,,48,48220,E0,E003,Y,,N,시설 상황에  따라 이용이 제한될 수 있음,N,,N,2022,경상남도
오페라호텔,SOSKQ198,경상남도 통영시 광도면 죽림5로 25-25,,주차장,24시간 이용가능,34.886747,128.420382,SO,선광시스템,선광시스템,1533-2972,2,7.0,단독,1,1,0.0,1.0,2025-05-12 03:01:25,2025-05-04 15:52:14,2025-05-04 20:22:15,,48,48220,E0,E003,Y,,N,시설 상황에 따라 이용이 제한될 수 있음.,N,,N,2022,경상남도
덕유산휴게소 (하남),ST457303,전북특별자치도 무주군 안성면 통영대전고속도로 148,,전기차 충전소,24시간 이용가능,35.815109793,127.64500481,ST,SK일렉링크,SK일렉링크,1566-1704,4,"200.0,350.0",단독,3,3,0.0,1.0,2025-05-15 15:34:23,2025-05-15 15:22:12,2025-05-15 15:34:23,,52,52730,C0,C001,Y,,N,,N,,Y,2023,전북특별자치도
덕유산휴게소 (통영),ST457402,전북특별자치도 장수군 계북면 통영대전고속도로 147,,,24시간 이용가능,35.811823448,127.64363473,ST,SK일렉링크,SK일렉링크,1566-1704,4,"200.0,350.0",단독,3,3,0.0,1.0,2025-05-15 15:36:43,2025-05-15 15:04:31,2025-05-15 15:16:05,,52,52740,C0,C001,Y,,N,,N,,Y,2023,전북특별자치도
CU도남관광단지점,ST482201,경상남도 통영시 도남로 270,,건물 우측편 주차장 진입(상가건물 뒤편 주차장),24시간 이용가능,34.827722,128.432537,ST,SK일렉링크,SK일렉링크,1566-1704,2,7.0,단독,1,1,0.0,1.0,2025-04-30 08:26:44,2025-04-28 14:21:36,2025-04-28 14:23:52,,48,48220,E0,E001,Y,,N,,N,,N,2019,경상남도
통영체육청소년센터,ST482206,경상남도 통영시 광도면 죽림해안로 187,,실외주차장,24시간 이용가능,34.87472173,128.4212775,ST,SK일렉링크,SK일렉링크,1566-1704,4,100.0,동시,0,2,1.0,0.0,2025-04-30 08:25:22,2025-01-10 20:24:05,2025-01-10 20:53:27,,48,48220,A0,A004,N,,N,,N,,N,2023,경상남도
평림생활체육공원,ST482207,경상남도 통영시 평인일주로 831,평림생활체육공원,평림생활체육공원,24시간 이용가능,34.857156081,128.39636455,ST,SK일렉링크,SK일렉링크,1566-1704,4,100.0,동시,2,2,0.0,1.0,2025-05-15 14:41:34,2025-05-15 14:27:25,2025-05-15 14:41:34,,48,48220,B0,B002,N,,N,,N,,N,2023,경상남도
북신전통시장 공영주차장,ST482208,경상남도 통영시 북신시장1길 47-3,,3층 진입 후 엘베입구 옆,24시간 이용가능,34.8550274,128.4278597,ST,SK일렉링크,SK일렉링크,1566-1704,4,100.0,동시,1,2,0.5,0.5,2025-05-14 15:53:49,2025-05-14 14:55:55,2025-05-14 15:53:49,,48,48220,B0,B001,N,,N,,N,,N,2023,경상남도
통제영 주차장,ST482209,경상남도 통영시 세병로 26,실외주차장,실외주차장 진입 후 우측편,24시간 이용가능,34.8468688,128.4237454,ST,SK일렉링크,SK일렉링크,1566-1704,4,100.0,동시,1,2,0.5,1.0,2025-05-15 15:43:30,2025-05-15 15:43:30,2025-05-15 13:36:41,2025-05-15 15:40:21,48,48220,B0,B001,N,,N,,N,,N,2023,경상남도
택시쉼터 주차장(통영),ST482210,경상남도 통영시 광도면 남해안대로 923,,실외주차장,24시간 이용가능,34.87577511,128.41357451,ST,SK일렉링크,SK일렉링크,1566-1704,4,200.0,동시,2,2,0.0,1.0,2025-05-15 15:13:36,2025-05-15 13:52:03,2025-05-15 15:13:36,,48,48220,C0,C003,N,,N,,N,,N,2023,경상남도
고성공룡나라휴게소 (통영),ST488204,경상남도 고성군 대가면 통영대전고속도로 29,,주차장,24시간 이용가능,35.0519739,128.2634884,ST,SK일렉링크,SK일렉링크,1566-1704,4,"200.0,350.0",단독,3,3,0.0,1.0,2025-05-15 15:32:31,2025-05-15 14:19:17,2025-05-15 14:59:00,,48,48820,C0,C001,Y,,N,,N,,Y,2023,경상남도
고성공룡나라휴게소 (대전),ST488205,경상남도 고성군 대가면 통영대전고속도로 32,,주차장,24시간 이용가능,35.0560099,128.2523501,ST,SK일렉링크,SK일렉링크,1566-1704,4,"200.0,350.0",단독,2,2,0.0,1.0,2025-05-15 12:57:23,2025-05-15 12:43:25,2025-05-15 12:57:23,,48,48820,C0,C001,Y,,N,,N,,Y,2023,경상남도
호라,TDM00003,경상남도 통영시 안개1길 16,호라호텔(모텔베니스),실내주차장,24시간 이용가능,34.8580972,128.4293071,TD,타디스테크놀로지,evPlug,02-6956-3000,2,7.0,단독,2,2,0.0,1.0,2025-05-08 09:02:11,2025-05-07 20:24:14,2025-05-08 02:43:00,,48,48220,E0,E003,N,,N,,N,,N,2020,경상남도
