no,StatId,ChargerId,StartDate,EndDate,Note,EvChargerUseStampId,statNm,chgerType,addr,location,lat,lng,useTime,busiId,bnm,busiNm,busiCall,stat,statUpdDt,lastTsdt,lastTedt,nowTsdt,powerType,output,method,zcode,zscode,kind,kindDetail,parkingFree,eci_note,limitYn,limitDetail,delYn,delDetail,Available,LatNumber,LngNumber,AverageRating,AverageCharingSpeed
1619251,SJ210501,1,2025-01-03 14:16,2025-01-03 15:02,NULL,1611632,박연 문화관1,6,세종특별자치시 갈매로 387,NULL,36.498499,127.263816,24시간 이용가능,SJ,세종시,세종시,1661-9408,2,2.02502E+13,2.02501E+13,2.02501E+13,NULL,NULL,50,단독,36,36110,B0,B001,Y,NULL,N,NULL,N,NULL,YES,36.4985,127.264,0,0
1619250,PW014801,6,2025-01-06 7:30,2025-01-06 9:16,NULL,1611631,해들마을2단지아파트(SP),2,세종특별자치시 대평1길 37,NULL,36.46972105,127.2760668,24시간 이용가능,PW,파워큐브,파워큐브(SP),1833-8017,3,2.02502E+13,2.02502E+13,2.02501E+13,2.02502E+13,NULL,7,단독,36,36110,H0,H001,Y,NULL,Y,거주자외 출입제한,N,NULL,YES,36.4697,127.276,0,0
1619249,PW013751,3,2025-01-06 0:09,2025-01-06 10:56,NULL,1611630,나릿재마을4단지 입주자대표회의,2,세종특별자치시 나성북로 47,NULL,36.49129108,127.2608082,24시간 이용가능,PW,파워큐브,파워큐브,1833-8017,2,2.02502E+13,2.02502E+13,2.02502E+13,NULL,NULL,7,단독,36,36110,H0,H001,Y,NULL,Y,거주자외 출입제한,N,NULL,YES,36.4913,127.261,0,0
1619248,PW013119,31,2025-01-05 17:47,2025-01-05 23:33,NULL,1611629,가온마을1단지아파트 입주자대표회의,2,세종특별자치시 다정남로 22,NULL,36.49299528,127.2448033,24시간 이용가능,PW,파워큐브,파워큐브코리아,1833-8017,2,2.02502E+13,2.02502E+13,2.02502E+13,NULL,NULL,7,단독,36,36110,H0,H001,Y,NULL,Y,거주자외 출입제한,N,NULL,YES,36.493,127.245,0,0
1619247,PW012850,3,2025-01-05 16:42,2025-01-05 23:58,NULL,1611628,두진리버빌아파트입주자대표회의,2,세종특별자치시 금남면 용포2길 70,NULL,36.46326973,127.2797064,24시간 이용가능,PW,파워큐브,파워큐브,1833-8017,2,2.02502E+13,2.02502E+13,2.02502E+13,NULL,NULL,NULL,단독,36,36110,H0,H001,Y,NULL,Y,거주자외 출입제한,N,NULL,YES,36.4633,127.28,0,0
1619246,PL012113,21,2025-01-04 18:15,2025-01-06 11:26,NULL,1611627,가락마을5단지,2,세종특별자치시 마음안로 34,NULL,36.5086782,127.238764,24시간 이용가능,PL,플러그링크,플러그링크,1533-0702,2,2.02502E+13,2.02502E+13,2.02502E+13,NULL,NULL,7,단독,36,36110,H0,H001,N,NULL,Y,시설 상황에 따라 이용이 제한될 수 있음,N,NULL,YES,36.5087,127.239,0,0
1619245,PI761637,14,2025-01-06 6:28,2025-01-06 6:28,NULL,1611626,도램마을14단지,2,세종특별자치시 보듬2로 42,NULL,36.5110439,127.2664946,24시간 이용가능,PI,차지비,GS차지비,1600-4047,2,2.02502E+13,2.02502E+13,2.02502E+13,NULL,NULL,7,단독,36,36110,H0,H001,Y,NULL,Y,거주자외 출입제한,N,NULL,YES,36.511,127.266,0,0
1619244,MO361101,1,2025-01-05 18:28,2025-01-05 18:28,NULL,1611625,수루배마을1단지,2,세종특별자치시 반곡로 14,NULL,36.498532,127.3078514,24시간 이용가능,MO,매니지온,매니지온,1833-2377,2,2.02502E+13,2.02502E+13,2.02502E+13,NULL,NULL,7,단독,36,36110,H0,H001,Y,NULL,Y,거주자외 출입제한,N,NULL,YES,36.4985,127.308,0,0
1619243,KP005009,1,2025-01-06 11:01,2025-01-06 11:27,NULL,1611624,보건소신청사,4,세종특별자치시 조치원읍 대첩로 32,NULL,36.59606424,127.2925975,09:00~18:00,KP,한국전력공사,한국전력,1899-2100,2,2.02502E+13,2.02502E+13,2.02502E+13,NULL,NULL,100,단독,36,36110,A0,A004,Y,NULL,N,NULL,N,NULL,YES,36.5961,127.293,0,0
1619242,HW001073,32,2025-01-06 10:56,2025-01-06 11:24,NULL,1611623,세종 누리동 공영버스 차고지,4,세종특별자치시 갈매로 1008,NULL,36.5269156,127.2969391,00:00 ~ 23:59,HW,한화솔루션,한화솔루션,1533-3464,3,2.02502E+13,2.02502E+13,2.02502E+13,2.02502E+13,NULL,120,동시,36,36110,H0,H001,N,NULL,Y,입주민 전용,N,NULL,YES,36.5269,127.297,0,0
1619241,HW001073,16,2025-01-06 11:01,2025-01-06 11:24,NULL,1611622,세종 누리동 공영버스 차고지,13,세종특별자치시 갈매로 1008,NULL,36.5269156,127.2969391,00:00 ~ 23:59,HW,한화솔루션,한화솔루션,1533-3464,3,2.02502E+13,2.02502E+13,2.02502E+13,2.02502E+13,NULL,120,동시,36,36110,H0,H001,N,NULL,Y,입주민 전용,N,NULL,YES,36.5269,127.297,0,0
1619240,HM000901,3,2025-01-06 8:52,2025-01-06 11:25,NULL,1611621,정부세종청사 15동,2,세종특별자치시 갈매로 388,NULL,36.49787691,127.2654334,24시간 이용가능,HM,휴맥스이브이,휴맥스이브이,1800-3188,2,2.02501E+13,2.02501E+13,2.02501E+13,NULL,NULL,7,단독,36,36110,A0,A002,Y,NULL,Y,보안구역으로 출입이 제한됨,N,NULL,YES,36.4979,127.265,0,0
1619239,HE000634,1,2025-01-05 14:57,2025-01-05 15:39,NULL,1611620,코스트코 세종점,2,세종특별자치시 종합운동장1로 14,NULL,36.467122,127.269885,24시간 이용가능,HE,한국전기차충전서비스,한국전기차충전서비스,1522-1782,3,2.02502E+13,2.02502E+13,2.02502E+13,2.02502E+13,NULL,NULL,NULL,36,36110,E0,E001,Y,NULL,N,NULL,N,NULL,YES,36.4671,127.27,0,0
1619238,CV002585,2,2025-01-06 10:35,2025-01-06 11:21,NULL,1611619,세종구도일주유소,4,세종특별자치시 시청대로 669,NULL,36.4926037,127.3266697,24시간 이용가능,CV,대영채비,대영채비,1522-2573,2,2.02502E+13,2.02502E+13,2.02502E+13,NULL,NULL,200,동시,36,36110,E0,E007,Y,NULL,N,NULL,N,NULL,YES,36.4926,127.327,0,0
1619237,CV002303,2,2025-01-06 11:03,2025-01-06 11:20,NULL,1611618,새롬종합복지센터,4,세종특별자치시 새롬로 14,NULL,36.4868216,127.2563753,09:00~18:00,CV,대영채비,대영채비,1522-2573,2,2.02502E+13,2.02502E+13,2.02502E+13,NULL,NULL,200,동시,36,36110,I0,I006,Y,NULL,N,NULL,N,NULL,YES,36.4868,127.256,0,0
1619236,CV001184,1,2025-01-06 10:51,2025-01-06 11:20,NULL,1611617,4-1생활권 복합커뮤니티센터,6,세종특별자치시 반곡로 39,NULL,36.498727,127.310574,09:00~18:00,CV,대영채비,대영채비(주),1522-2573,2,2.02502E+13,2.02501E+13,2.02501E+13,NULL,NULL,50,단독,36,36110,A0,A002,Y,NULL,N,NULL,N,NULL,YES,36.4987,127.311,0,0
1619235,CV000692,2,2025-01-06 10:43,2025-01-06 11:23,NULL,1611616,3생활권 광역복지센터,6,세종특별자치시 한누리대로 2107,NULL,36.47929,127.292558,09:00~18:00,CV,대영채비,대영채비(주),1522-2573,2,2.02502E+13,2.02502E+13,2.02502E+13,NULL,NULL,NULL,NULL,36,36000,A0,A002,Y,NULL,N,NULL,N,NULL,YES,36.4793,127.293,0,0
1619234,ME23B129,1,2025-01-06 10:08,2025-01-06 10:28,NULL,1611615,세종시립도서관,6,세종특별자치시 고운동 2103,NULL,36.5104933,127.2397304,24시간 개방,ME,환경부,환경부,044-301-4316,2,2.02502E+13,2.02502E+13,2.02502E+13,NULL,NULL,100,단독,36,36110,I0,I005,Y,NULL,N,NULL,N,NULL,YES,36.5105,127.24,0,0
1619233,ME22D169,1,2025-01-06 8:48,2025-01-06 9:26,NULL,1611614,조치원지구대,4,세종특별자치시 조치원읍 새내로 140,NULL,36.6043732,127.2978962,24시간 이용가능,ME,환경부,환경부,1661-9408,2,2.02502E+13,2.02502E+13,2.02502E+13,NULL,NULL,100,단독,36,36110,I0,I004,Y,NULL,N,NULL,N,NULL,YES,36.6044,127.298,0,0
1619232,ME21X009,1,2025-01-06 11:09,2025-01-06 11:24,NULL,1611613,정부세종청사,6,세종특별자치시 도움6로 11,NULL,36.5043275,127.2645699,09:00~18:00,ME,환경부,환경부,1661-9408,2,2.02502E+13,2.02501E+13,2.02501E+13,NULL,NULL,50,단독,36,36110,A0,A001,N,NULL,N,NULL,N,NULL,YES,36.5043,127.265,0,0
1619231,ME21C601,26,2025-01-05 11:18,2025-01-05 11:39,NULL,1611612,산림자원연구소,4,세종특별자치시 금남면 산림박물관길 110,NULL,36.4375191,127.2331101,24시간 이용가능,ME,환경부,환경부,1661-9408,2,2.02502E+13,2.02502E+13,2.02502E+13,NULL,NULL,200,동시,36,36110,A0,A004,Y,NULL,N,NULL,N,NULL,YES,36.4375,127.233,0,0
1619230,ME21C601,21,2025-01-02 10:52,2025-01-02 11:08,NULL,1611611,산림자원연구소,4,세종특별자치시 금남면 산림박물관길 110,NULL,36.4375191,127.2331101,24시간 이용가능,ME,환경부,환경부,1661-9408,2,2.02502E+13,2.02502E+13,2.02502E+13,NULL,NULL,200,동시,36,36110,A0,A004,Y,NULL,N,NULL,N,NULL,YES,36.4375,127.233,0,0
1619229,ME21C292,21,2025-01-06 10:03,2025-01-06 10:43,NULL,1611610,금암리마을회관주차장,4,세종특별자치시 장군면 정자말길 6,NULL,36.4382234,127.2205358,24시간 이용가능,ME,환경부,환경부,1661-9408,2,2.02502E+13,2.02501E+13,2.02501E+13,NULL,NULL,200,동시,36,36110,A0,A004,Y,NULL,N,NULL,N,NULL,YES,36.4382,127.221,0,0
1619228,ME20B211,22,2025-01-05 16:48,2025-01-05 17:18,NULL,1611609,명학일반산업단지 관리사무소,4,세종특별자치시 연동면 응암리 916,NULL,36.5412012,127.3364791,24시간 이용가능,ME,환경부,환경부,1661-9408,3,2.02502E+13,2.02502E+13,2.02502E+13,2.02502E+13,NULL,200,동시,36,36110,B0,B001,Y,NULL,N,NULL,N,NULL,YES,36.5412,127.336,0,0
1619227,ME20B211,21,2025-01-05 5:47,2025-01-05 6:21,NULL,1611608,명학일반산업단지 관리사무소,4,세종특별자치시 연동면 응암리 916,NULL,36.5412012,127.3364791,24시간 이용가능,ME,환경부,환경부,1661-9408,2,2.02502E+13,2.02502E+13,2.02502E+13,NULL,NULL,200,동시,36,36110,B0,B001,Y,NULL,N,NULL,N,NULL,YES,36.5412,127.336,0,0
1619226,ME20B113,1,2025-01-05 8:55,2025-01-05 9:35,NULL,1611607,명학일반산업단지 근린공원 주차장,4,세종특별자치시 연동면 내판리 713,NULL,36.5443208,127.3298195,24시간 이용가능,ME,환경부,환경부,1661-9408,2,2.02502E+13,2.02502E+13,2.02502E+13,NULL,NULL,100,단독,36,36110,B0,B002,Y,NULL,N,NULL,N,NULL,YES,36.5443,127.33,0,0
1619225,ME19E510,1,2025-01-06 6:57,2025-01-06 7:01,NULL,1611606,정부세종청사 문화체육관광부,4,세종특별자치시 갈매로 388(어진동),NULL,36.49741,127.265079,24시간 이용가능,ME,환경부,환경부,1661-9408,2,2.02502E+13,2.02502E+13,2.02502E+13,NULL,NULL,100,단독,36,36110,A0,A001,Y,NULL,N,NULL,N,NULL,YES,36.4974,127.265,0,0
1619224,ME19E508,1,2025-01-06 8:14,2025-01-06 8:54,NULL,1611605,정부세종청사 농림축산식품부/해양수산부,4,세종특별자치시 다솜2로 94(어진동),NULL,36.505377,127.26534,24시간 이용가능,ME,환경부,환경부,1661-9408,2,2.02502E+13,2.02502E+13,2.02502E+13,NULL,NULL,100,단독,36,36110,A0,A001,Y,NULL,N,NULL,N,NULL,YES,36.5054,127.265,0,0
1619223,ME19B209,21,2025-01-06 9:53,2025-01-06 10:24,NULL,1611604,세종청사7동 법제처,4,세종특별자치시 도움5로 20,NULL,36.505509,127.258857,24시간 이용가능,ME,환경부,환경부,1661-9408,2,2.02502E+13,2.02502E+13,2.02502E+13,NULL,NULL,200,동시,36,36110,A0,A001,Y,NULL,N,NULL,N,NULL,YES,36.5055,127.259,0,0
1619222,ME19B182,1,2025-01-02 17:29,2025-01-02 18:09,NULL,1611603,세종청사4동 기획재정부,4,세종특별자치시 갈매로 477,NULL,36.506093,127.265568,24시간 이용가능,ME,환경부,환경부,1661-9408,2,2.02502E+13,2.02501E+13,2.02501E+13,NULL,NULL,100,단독,36,36110,A0,A001,Y,NULL,N,NULL,N,NULL,YES,36.5061,127.266,0,0
1619221,ME19B119,1,2025-01-05 11:24,2025-01-05 11:40,NULL,1611602,고복저수지 연기대첩비공원 주차장,4,세종특별자치시 연서면 용암리 208-5,NULL,36.599689,127.228287,24시간 이용가능,ME,환경부,환경부,1661-9408,2,2.02502E+13,2.02502E+13,2.02502E+13,NULL,NULL,100,단독,36,36110,B0,B002,Y,NULL,N,NULL,N,NULL,YES,36.5997,127.228,0,0
1619220,ME19B118,11,2025-01-04 8:02,2025-01-04 8:31,NULL,1611600,한솔동 복합커뮤니티센터 정음관,4,세종특별자치시 한솔동 961,NULL,36.477651,127.255946,09:00 ~ 18:00,ME,환경부,환경부,1661-9408,2,2.02502E+13,2.02502E+13,2.02502E+13,NULL,NULL,100,동시,36,36110,A0,A004,Y,NULL,N,NULL,N,NULL,YES,36.4776,127.256,0,0
1619219,ME18A517,1,2025-01-06 8:26,2025-01-06 9:07,NULL,1611599,정부세종컨벤션센터,6,세종특별자치시 다솜 3로 66,NULL,36.501362,127.270445,24시간 이용가능,ME,환경부,환경부,1661-9408,2,2.02502E+13,2.02501E+13,2.02501E+13,NULL,NULL,100,단독,36,36110,A0,A003,Y,NULL,N,NULL,N,NULL,YES,36.5014,127.27,0,0
1619218,ME18A516,1,2025-01-06 10:35,2025-01-06 11:18,NULL,1611598,세종정부청사 6동,6,세종특별자치시 도움6로 11,NULL,36.505094,127.262988,24시간 이용가능,ME,환경부,환경부,1661-9408,2,2.02502E+13,2.02501E+13,2.02501E+13,NULL,NULL,100,단독,36,36110,A0,A003,Y,NULL,N,NULL,N,NULL,YES,36.5051,127.263,0,0
1619217,ME18A402,14,2025-01-04 20:43,2025-01-04 21:12,NULL,1611597,보람동 수변공원,4,세종특별자치시 보람동 624-1,NULL,36.481974,127.290825,24시간 이용가능,ME,환경부,환경부,1661-9408,2,2.02502E+13,2.02501E+13,2.02501E+13,NULL,NULL,200,동시,36,36110,D0,D001,Y,NULL,N,NULL,N,NULL,YES,36.482,127.291,0,0
1619216,ME18A402,13,2025-01-06 5:24,2025-01-06 6:07,NULL,1611596,보람동 수변공원,4,세종특별자치시 보람동 624-1,NULL,36.481974,127.290825,24시간 이용가능,ME,환경부,환경부,1661-9408,2,2.02502E+13,2.02502E+13,2.02502E+13,NULL,NULL,200,동시,36,36110,D0,D001,Y,NULL,N,NULL,N,NULL,YES,36.482,127.291,0,0
1619215,ME18A402,12,2025-01-04 13:27,2025-01-04 14:12,NULL,1611595,보람동 수변공원,4,세종특별자치시 보람동 624-1,NULL,36.481974,127.290825,24시간 이용가능,ME,환경부,환경부,1661-9408,2,2.02502E+13,2.02502E+13,2.02502E+13,NULL,NULL,200,동시,36,36110,D0,D001,Y,NULL,N,NULL,N,NULL,YES,36.482,127.291,0,0
1619214,ME18A402,11,2025-01-05 21:31,2025-01-05 21:46,NULL,1611594,보람동 수변공원,4,세종특별자치시 보람동 624-1,NULL,36.481974,127.290825,24시간 이용가능,ME,환경부,환경부,1661-9408,2,2.02502E+13,2.02502E+13,2.02502E+13,NULL,NULL,200,동시,36,36110,D0,D001,Y,NULL,N,NULL,N,NULL,YES,36.482,127.291,0,0
1619213,ME18A216,12,2025-01-06 8:52,2025-01-06 9:29,NULL,1611593,반곡동 수변공원,4,세종특별자치시 반곡동 234-10 ,NULL,36.492237,127.299546,24시간 이용가능,ME,환경부,환경부,1661-9408,2,2.02502E+13,2.02502E+13,2.02502E+13,NULL,NULL,200,동시,36,36110,D0,D001,Y,NULL,N,NULL,N,NULL,YES,36.4922,127.3,0,0
1619212,ME18A216,11,2025-01-06 9:50,2025-01-06 10:33,NULL,1611592,반곡동 수변공원,4,세종특별자치시 반곡동 234-10 ,NULL,36.492237,127.299546,24시간 이용가능,ME,환경부,환경부,1661-9408,2,2.02502E+13,2.02502E+13,2.02502E+13,NULL,NULL,200,동시,36,36110,D0,D001,Y,NULL,N,NULL,N,NULL,YES,36.4922,127.3,0,0
1619211,ME18A215,12,2025-01-05 22:17,2025-01-05 23:00,NULL,1611591,LH 세종본부,4,세종특별자치시 가름로 238-1,NULL,36.494692,127.26536,24시간 이용가능,ME,환경부,환경부,1661-9408,2,2.02502E+13,2.02502E+13,2.02502E+13,NULL,NULL,200,동시,36,36110,H0,H003,Y,NULL,N,NULL,N,NULL,YES,36.4947,127.265,0,0
1619210,ME18A214,12,2025-01-06 9:06,2025-01-06 9:29,NULL,1611590,원수산 아래 BMX경기장,4,세종특별자치시 연기면 세종리 659-30,NULL,36.522604,127.267463,24시간 이용가능,ME,환경부,환경부,1661-9408,2,2.02502E+13,2.02502E+13,2.02502E+13,NULL,NULL,200,동시,36,36110,J0,J007,Y,NULL,N,NULL,N,NULL,YES,36.5226,127.267,0,0
1619209,ME18A214,11,2025-01-06 9:27,2025-01-06 10:10,NULL,1611589,원수산 아래 BMX경기장,4,세종특별자치시 연기면 세종리 659-30,NULL,36.522604,127.267463,24시간 이용가능,ME,환경부,환경부,1661-9408,2,2.02502E+13,2.02502E+13,2.02502E+13,NULL,NULL,200,동시,36,36110,J0,J007,Y,NULL,N,NULL,N,NULL,YES,36.5226,127.267,0,0
1619208,ME18A001,3,2025-01-06 8:35,2025-01-06 9:18,NULL,1611588,은하수공원,4,"세종특별자치시 연기면 정안세종로 1527 은하수공원, 화장시설 주차장",NULL,36.532123,127.245097,24시간 이용가능,ME,환경부,환경부,031-994-6115 ,2,2.02502E+13,2.02502E+13,2.02502E+13,NULL,NULL,100,동시,36,36110,A0,A004,Y,NULL,N,NULL,N,NULL,YES,36.5321,127.245,0,0
1619207,ME18A001,2,2025-01-05 16:07,2025-01-05 16:50,NULL,1611587,은하수공원,4,"세종특별자치시 연기면 정안세종로 1527 은하수공원, 화장시설 주차장",NULL,36.532123,127.245097,24시간 이용가능,ME,환경부,환경부,031-994-6115 ,2,2.02502E+13,2.02502E+13,2.02502E+13,NULL,NULL,100,동시,36,36110,A0,A004,Y,NULL,N,NULL,N,NULL,YES,36.5321,127.245,0,0
1619206,ME183162,2,2025-01-04 16:41,2025-01-04 17:24,NULL,1611586,세종호수공원제2주차장,4,"세종특별자치시 어진동 621, 입구 우측",NULL,36.5002765,127.2691866,24시간 이용가능,ME,환경부,환경부,1661-9408,2,2.02502E+13,2.02502E+13,2.02502E+13,NULL,NULL,100,동시,36,36110,B0,B001,Y,NULL,N,NULL,N,NULL,YES,36.5003,127.269,0,0
1619205,ME183162,1,2025-01-04 20:10,2025-01-04 20:53,NULL,1611585,세종호수공원제2주차장,6,"세종특별자치시 어진동 621, 입구 우측",NULL,36.5002765,127.2691866,24시간 이용가능,ME,환경부,환경부,1661-9408,2,2.02502E+13,2.02502E+13,2.02502E+13,NULL,NULL,50,단독,36,36110,B0,B001,Y,NULL,N,NULL,N,NULL,YES,36.5003,127.269,0,0
1610265,PW012061,3,2024-12-29 11:17,2024-12-29 16:18,NULL,1602427,가온마을12단지입주자대표회의-2,2,세종특별자치시 다정남로 123,NULL,36.49287838,127.2548443,24시간 이용가능,PW,파워큐브,파워큐브,1833-8017,2,2.02501E+13,2.02412E+13,2.02412E+13,NULL,NULL,NULL,NULL,36,36000,H0,H001,Y,NULL,Y,거주자외 출입제한,N,NULL,YES,36.4929,127.255,0,0
1610264,PI772245,8,2024-12-31 17:22,2024-12-31 17:22,NULL,1602426,세종한뜰마을4단지아파트,2,세종특별자치시 다솜1로 9,NULL,36.5008638,127.2555329,24시간 이용가능,PI,GS차지비,GS차지비,1544-4279,3,2.02501E+13,2.02501E+13,2.02501E+13,2.02501E+13,NULL,7,단독,36,36110,H0,H001,N,NULL,Y,입주민 전용,N,NULL,YES,36.5009,127.256,0,0
1610263,PI701034,10,2024-12-31 17:52,2024-12-31 17:52,NULL,1602425,세종호려울마을9단지,2,세종특별자치시 남세종로 384,NULL,36.4802203,127.2969248,24시간 이용가능,PI,GS차지비,GS차지비,1600-4047,3,2.02412E+13,2.02412E+13,2.02412E+13,2.02412E+13,NULL,7,단독,36,36110,H0,H001,Y,NULL,Y,입주민 전용,N,NULL,YES,36.4802,127.297,0,0
1610262,MO361101,2,2024-12-31 17:56,2024-12-31 17:56,NULL,1602424,수루배마을1단지,2,세종특별자치시 반곡로 14,NULL,36.498532,127.3078514,24시간 이용가능,MO,매니지온,매니지온,1833-2377,2,2.02501E+13,2.02501E+13,2.02501E+13,NULL,NULL,7,단독,36,36110,H0,H001,Y,NULL,Y,거주자외 출입제한,N,NULL,YES,36.4985,127.308,0,0
1610261,LU003110,3,2024-12-31 12:00,2024-12-31 17:51,NULL,1602423,세종스파찜질방,2,세종특별자치시 장군면 봉안길 70,NULL,36.498243,127.223202,24시간 이용가능,LU,LG유플러스 볼트업,LG유플러스 볼트업,1660-0365,2,2.02412E+13,2.02412E+13,2.02412E+13,NULL,NULL,7,단독,36,36110,G0,G004,Y,NULL,N,NULL,N,NULL,YES,36.4982,127.223,0,0
1610260,LI000119,2,2024-12-31 17:56,2024-12-31 17:56,NULL,1602422,세종스카이 드림,4,세종특별자치시 해밀3로 43,NULL,35.24380883,128.5871372,09:00~18:00,LI,엘에스이링크,엘에스이링크,1660-3175,2,2.02412E+13,2.02412E+13,2.02412E+13,NULL,NULL,7,단독,36,36110,E0,E001,Y,NULL,N,NULL,N,NULL,YES,35.2438,128.587,0,0
1610259,KP005693,3,2024-12-31 15:50,2024-12-31 17:51,NULL,1602421,세종통합사옥 업무용 전기차 충전소,2,세종특별자치시 법원로 18,NULL,36.48,127.3,평일 09:00~18:00,KP,한국전력공사,한국전력,1899-2100,2,2.02412E+13,2.02412E+13,2.02412E+13,NULL,NULL,7,단독,36,36110,A0,A003,Y,NULL,Y,업무용,N,NULL,YES,36.48,127.3,0,0
1610258,KP002905,2,2024-12-31 15:16,2024-12-31 17:51,NULL,1602420,세종더샵레이크파크아파트,2,세종특별자치시 어진동 613,NULL,36.50526953,127.2734494,NULL,KP,한국전력공사,한국전력,NULL,2,2.02501E+13,2.02412E+13,2.02501E+13,NULL,NULL,NULL,NULL,36,36110,H0,H001,Y,NULL,Y,시설 상황에 따라 이용이 제한될 수 있음,N,NULL,YES,36.5053,127.273,0,0
1610257,JA360002,5,2024-12-31 15:14,2024-12-31 17:56,NULL,1602419,홈플러스 조치원점,4,세종특별자치시 조치원읍 허만석로 60,NULL,36.58618683,127.297516,10:00 ~ 22:00,JA,이브이시스,이브이시스,1577-1556,2,2.02412E+13,2.02412E+13,2.02412E+13,NULL,NULL,30,단독,36,36110,E0,E001,N,NULL,N,NULL,N,NULL,YES,36.5862,127.298,0,0
1610256,HW001073,12,2024-12-31 17:25,2024-12-31 17:55,NULL,1602418,세종 누리동 공영버스 차고지,13,세종특별자치시 갈매로 1008,NULL,36.5269156,127.2969391,00:00 ~ 23:59,HW,한화솔루션,한화솔루션,1533-3464,2,2.02501E+13,2.02412E+13,2.02412E+13,NULL,NULL,120,동시,36,36110,H0,H001,N,NULL,Y,입주민 전용,N,NULL,YES,36.5269,127.297,0,0
1610255,HM000902,6,2024-12-31 12:39,2024-12-31 15:46,NULL,1602417,정부세종청사 16동,2,세종특별자치시 국세청로 8-14,NULL,36.48507981,127.2603063,24시간 이용가능,HM,휴맥스이브이,휴맥스이브이,1800-3188,2,2.02412E+13,2.02412E+13,2.02412E+13,NULL,NULL,7,단독,36,36110,A0,A002,Y,NULL,Y,보안구역으로 출입이 제한됨,N,NULL,YES,36.4851,127.26,0,0
1610254,HM000899,2,2024-12-31 8:25,2024-12-31 10:52,NULL,1602416,정부세종청사 6동,2,세종특별자치시 도움6로 11,NULL,36.50441001,127.2625796,24시간 이용가능,HM,휴맥스이브이,휴맥스이브이,1800-3188,2,2.02412E+13,2.02412E+13,2.02412E+13,NULL,NULL,7,단독,36,36110,A0,A003,N,NULL,Y,보안구역으로 출입이 제한됨,N,NULL,YES,36.5044,127.263,0,0
1610253,CV000997,3,2024-12-31 17:14,2024-12-31 17:52,NULL,1602415,세종세무서,2,세종특별자치시 시청대로 126,NULL,36.47842449,127.2854645,09:00~18:00,CV,대영채비,대영채비(주),1522-2573,2,2.02501E+13,2.02412E+13,2.02412E+13,NULL,NULL,7,단독,36,36110,A0,A003,Y,NULL,Y,시설 상황에 따라 이용이 제한될 수 있음,N,NULL,YES,36.4784,127.285,0,0
1610252,ME23B129,1,2024-12-31 16:29,2024-12-31 16:41,NULL,1602414,세종시립도서관,6,세종특별자치시 고운동 2103,NULL,36.5104933,127.2397304,24시간 개방,ME,환경부,환경부,044-301-4316,2,2.02501E+13,2.02412E+13,2.02412E+13,NULL,NULL,100,단독,36,36110,I0,I005,Y,NULL,N,NULL,N,NULL,YES,36.5105,127.24,0,0
1610251,ME20B211,22,2024-12-31 17:12,2024-12-31 17:33,NULL,1602413,명학일반산업단지 관리사무소,4,세종특별자치시 연동면 응암리 916,NULL,36.5412012,127.3364791,24시간 이용가능,ME,환경부,환경부,1661-9408,2,2.02501E+13,2.02412E+13,2.02412E+13,NULL,NULL,200,동시,36,36110,B0,B001,Y,NULL,N,NULL,N,NULL,YES,36.5412,127.336,0,0
1610250,ME18A514,1,2024-12-31 16:57,2024-12-31 17:38,NULL,1602412,새롬동 복합커뮤니티 센터,6,세종특별자치시 새롬동 341-72,NULL,36.485399,127.251677,24시간 이용가능,ME,환경부,환경부,1661-9408,2,2.02501E+13,2.02501E+13,2.02501E+13,NULL,NULL,100,단독,36,36110,A0,A002,Y,NULL,N,NULL,N,NULL,YES,36.4854,127.252,0,0
1610249,ME18A402,13,2024-12-31 17:24,2024-12-31 17:29,NULL,1602411,보람동 수변공원,4,세종특별자치시 보람동 624-1,NULL,36.481974,127.290825,24시간 이용가능,ME,환경부,환경부,1661-9408,2,2.02501E+13,2.02412E+13,2.02412E+13,NULL,NULL,200,동시,36,36110,D0,D001,Y,NULL,N,NULL,N,NULL,YES,36.482,127.291,0,0
1610248,ME18A216,12,2024-12-31 17:28,2024-12-31 17:33,NULL,1602410,반곡동 수변공원,4,세종특별자치시 반곡동 234-10 ,NULL,36.492237,127.299546,24시간 이용가능,ME,환경부,환경부,1661-9408,2,2.02501E+13,2.02412E+13,2.02412E+13,NULL,NULL,200,동시,36,36110,D0,D001,Y,NULL,N,NULL,N,NULL,YES,36.4922,127.3,0,0
1610247,ME18A214,12,2024-12-31 16:31,2024-12-31 17:01,NULL,1602409,원수산 아래 BMX경기장,4,세종특별자치시 연기면 세종리 659-30,NULL,36.522604,127.267463,24시간 이용가능,ME,환경부,환경부,1661-9408,2,2.02501E+13,2.02501E+13,2.02501E+13,NULL,NULL,200,동시,36,36110,J0,J007,Y,NULL,N,NULL,N,NULL,YES,36.5226,127.267,0,0
1610246,ME18A001,5,2024-12-31 16:36,2024-12-31 17:19,NULL,1602408,은하수공원,4,"세종특별자치시 연기면 정안세종로 1527 은하수공원, 화장시설 주차장",NULL,36.532123,127.245097,24시간 이용가능,ME,환경부,환경부,031-994-6115 ,2,2.02501E+13,2.02501E+13,2.02501E+13,NULL,NULL,100,동시,36,36110,A0,A004,Y,NULL,N,NULL,N,NULL,YES,36.5321,127.245,0,0
1610245,ME18A001,3,2024-12-31 16:48,2024-12-31 17:07,NULL,1602407,은하수공원,4,"세종특별자치시 연기면 정안세종로 1527 은하수공원, 화장시설 주차장",NULL,36.532123,127.245097,24시간 이용가능,ME,환경부,환경부,031-994-6115 ,2,2.02501E+13,2.02501E+13,2.02501E+13,NULL,NULL,100,동시,36,36110,A0,A004,Y,NULL,N,NULL,N,NULL,YES,36.5321,127.245,0,0
1610244,ME18A001,1,2024-12-31 17:26,2024-12-31 17:45,NULL,1602406,은하수공원,6,"세종특별자치시 연기면 정안세종로 1527 은하수공원, 화장시설 주차장",NULL,36.532123,127.245097,24시간 이용가능,ME,환경부,환경부,031-994-6115 ,2,2.02501E+13,2.02412E+13,2.02412E+13,NULL,NULL,50,단독,36,36110,A0,A004,Y,NULL,N,NULL,N,NULL,YES,36.5321,127.245,0,0
1609816,PW013712,6,2024-12-31 12:06,2024-12-31 16:55,NULL,1601958,호려울마을8단지입주자대표회의22,2,세종특별자치시 보람동로 14,NULL,36.47755115,127.2962395,24시간 이용가능,PW,파워큐브,파워큐브,1833-8017,2,2.02412E+13,2.02412E+13,2.02412E+13,NULL,NULL,7,단독,36,36110,H0,H001,Y,NULL,Y,거주자외 출입제한,N,NULL,YES,36.4776,127.296,0,0
1609815,PW013386,3,2024-12-31 16:17,2024-12-31 16:56,NULL,1601957,첫마을6단지아파트 입주자대표회의,2,세종특별자치시 누리로 27,NULL,36.47575837,127.2515222,24시간 이용가능,PW,파워큐브,파워큐브코리아,1833-8017,3,2.02412E+13,2.02412E+13,2.02412E+13,2.02412E+13,NULL,7,단독,36,36110,H0,H001,Y,NULL,Y,거주자외 출입제한,N,NULL,YES,36.4758,127.252,0,0
1609814,PI711916,14,2024-12-31 16:50,2024-12-31 16:50,NULL,1601954,가온마을6단지,2,세종특별자치시 다정중앙로 77,NULL,36.4978774,127.2483213,24시간 이용가능,PI,차지비,GS차지비,1600-4047,2,2.02501E+13,2.02501E+13,2.02501E+13,NULL,NULL,7,단독,36,36110,H0,H001,Y,NULL,Y,거주자외 출입제한,N,NULL,YES,36.4979,127.248,0,0
1609813,IN044006,1,2024-12-31 16:53,2024-12-31 17:01,NULL,1601953,이마트세종점E,2,세종특별자치시 금송로 687,NULL,36.4709,127.2512,24시간 이용가능,IN,신세계아이앤씨,신세계아이앤씨,1899-7495,2,2.02412E+13,2.02412E+13,2.02412E+13,NULL,NULL,7,단독,36,36110,E0,E001,N,NULL,N,NULL,N,NULL,YES,36.4709,127.251,0,0
1609812,HW001073,23,2024-12-31 16:01,2024-12-31 16:31,NULL,1601952,세종 누리동 공영버스 차고지,13,세종특별자치시 갈매로 1008,NULL,36.5269156,127.2969391,00:00 ~ 23:59,HW,한화솔루션,한화솔루션,1533-3464,2,2.02412E+13,2.02412E+13,2.02412E+13,NULL,NULL,120,동시,36,36110,H0,H001,N,NULL,Y,입주민 전용,N,NULL,YES,36.5269,127.297,0,0
1609811,HW001073,7,2024-12-31 16:20,2024-12-31 16:58,NULL,1601951,세종 누리동 공영버스 차고지,13,세종특별자치시 갈매로 1008,NULL,36.5269156,127.2969391,00:00 ~ 23:59,HW,한화솔루션,한화솔루션,1533-3464,2,2.02501E+13,2.02501E+13,2.02501E+13,NULL,NULL,120,동시,36,36110,H0,H001,N,NULL,Y,입주민 전용,N,NULL,YES,36.5269,127.297,0,0
1609810,EV007192,2,2024-12-30 21:57,2024-12-31 8:45,NULL,1601950,세종 호려울마을2단지3,2,세종특별자치시 보람1길 12,NULL,36.4755562,127.2838056,24시간 이용가능,EV,에버온,에버온,1661-7766,2,2.02412E+13,2.02412E+13,2.02412E+13,NULL,NULL,7,단독,36,36110,H0,H001,Y,외부인 사용불가,Y,외부인 사용불가,N,NULL,YES,36.4756,127.284,0,0
1609809,ME21C292,22,2024-12-31 16:35,2024-12-31 16:58,NULL,1601949,금암리마을회관주차장,4,세종특별자치시 장군면 정자말길 6,NULL,36.4382234,127.2205358,24시간 이용가능,ME,환경부,환경부,1661-9408,2,2.02501E+13,2.02412E+13,2.02412E+13,NULL,NULL,200,동시,36,36110,A0,A004,Y,NULL,N,NULL,N,NULL,YES,36.4382,127.221,0,0
1609808,ME19F403,1,2024-12-31 15:57,2024-12-31 16:30,NULL,1601948,세종중앙공원주차장2,4,세종특별자치시 연기면 수목원로 136,NULL,36.49897513,127.2831925,24시간 이용가능,ME,환경부,환경부,1661-9408,2,2.02501E+13,2.02412E+13,2.02412E+13,NULL,NULL,100,단독,36,36110,B0,B002,Y,NULL,N,NULL,N,NULL,YES,36.499,127.283,0,0
1609807,ME18A402,12,2024-12-31 16:45,2024-12-31 17:00,NULL,1601947,보람동 수변공원,4,세종특별자치시 보람동 624-1,NULL,36.481974,127.290825,24시간 이용가능,ME,환경부,환경부,1661-9408,2,2.02501E+13,2.02412E+13,2.02412E+13,NULL,NULL,200,동시,36,36110,D0,D001,Y,NULL,N,NULL,N,NULL,YES,36.482,127.291,0,0
1609806,ME18A215,11,2024-12-31 15:08,2024-12-31 15:51,NULL,1601946,LH 세종본부,4,세종특별자치시 가름로 238-1,NULL,36.494692,127.26536,24시간 이용가능,ME,환경부,환경부,1661-9408,2,2.02501E+13,2.02412E+13,2.02412E+13,NULL,NULL,200,동시,36,36110,H0,H003,Y,NULL,N,NULL,N,NULL,YES,36.4947,127.265,0,0
1609805,ME18A214,11,2024-12-31 16:27,2024-12-31 16:58,NULL,1601945,원수산 아래 BMX경기장,4,세종특별자치시 연기면 세종리 659-30,NULL,36.522604,127.267463,24시간 이용가능,ME,환경부,환경부,1661-9408,2,2.02501E+13,2.02412E+13,2.02412E+13,NULL,NULL,200,동시,36,36110,J0,J007,Y,NULL,N,NULL,N,NULL,YES,36.5226,127.267,0,0
1608099,PW000369,2,2024-12-29 18:49,2024-12-30 4:35,NULL,1600227,세경건설㈜가재마을6단지초록지붕세경,2,세종특별자치시 달빛1로 74,NULL,36.505847,127.245895,24시간 이용가능,PW,파워큐브,파워큐브,1833-8017,2,2.02412E+13,2.02412E+13,2.02412E+13,NULL,NULL,7,단독,36,36110,H0,H001,Y,NULL,Y,거주자외 출입제한,N,NULL,YES,36.5058,127.246,0,0
1608098,PI645029,1,2024-12-31 15:57,2024-12-31 15:57,NULL,1600226,BMW 차징스테이션 세종에머슨CC,2,세종특별자치시 전의면 운주산로 1510,NULL,36.6969492,127.1853328,24시간 이용가능,PI,GS차지비,GS차지비,1600-4047,2,2.02412E+13,2.02412E+13,2.02412E+13,NULL,NULL,7,단독,36,36110,E0,E004,Y,NULL,N,NULL,N,NULL,YES,36.6969,127.185,0,0
1608097,KP004577,1,2024-12-31 15:22,2024-12-31 16:01,NULL,1600225,세종호수공원제1주차장,4,세종특별자치시 다솜로 216,NULL,36.4918,127.2689,24시간 이용가능,KP,한국전력공사,한국전력,1899-2100,2,2.02412E+13,2.02412E+13,2.02412E+13,NULL,NULL,100,단독,36,36110,B0,B001,Y,NULL,N,NULL,N,NULL,YES,36.4918,127.269,0,0
1608096,EV016195,1,2024-12-31 10:48,2024-12-31 15:56,NULL,1600224,세종 새뜸마을10단지아파트 4,2,"세종특별자치시 새롬중앙로 90 (새롬동, 새뜸마을10단지)",NULL,36.4885913,127.2511264,24시간 이용가능,EV,에버온,에버온,1661-7766,2,2.02501E+13,2.02412E+13,2.02501E+13,NULL,NULL,7,단독,36,36110,H0,H001,N,NULL,Y,외부인 사용불가,N,NULL,YES,36.4886,127.251,0,0
1608095,EV000736,2,2024-12-31 13:53,2024-12-31 16:01,NULL,1600223,세종시 호려울마을1단지 1,2,"세종특별자치시 남세종로 503 (보람동, 호려울마을1단지)",NULL,36.47464684,127.2855823,"24시간 이용가능,입주민만 사용가능 거주자외출입제한",EV,에버온,에버온,1661-7766,2,2.02412E+13,2.02412E+13,2.02412E+13,NULL,NULL,NULL,NULL,36,36000,H0,H001,Y,입주민만 사용가능 거주자외 출입제한,N,NULL,N,NULL,YES,36.4746,127.286,0,0
1608094,BNBN0321,1,2024-12-31 10:01,2024-12-31 10:14,NULL,1600222,반곡동 광역복지지원센터,4,세종특별자치시 시청대로 566,NULL,36.496515,127.318523,24시간 이용가능,BN,블루네트웍스,블루네트웍스,1833-9131,2,2.02501E+13,2.02412E+13,2.02412E+13,NULL,NULL,50,동시,36,36110,A0,A002,N,NULL,N,시설 상황에 따라 이용이 제한될 수 있음,N,NULL,YES,36.4965,127.319,0,0
1608093,ME22D169,1,2024-12-31 15:47,2024-12-31 15:58,NULL,1600221,조치원지구대,4,세종특별자치시 조치원읍 새내로 140,NULL,36.6043732,127.2978962,24시간 이용가능,ME,환경부,환경부,1661-9408,2,2.02501E+13,2.02412E+13,2.02412E+13,NULL,NULL,100,단독,36,36110,I0,I004,Y,NULL,N,NULL,N,NULL,YES,36.6044,127.298,0,0
1608092,ME21C292,22,2024-12-31 14:37,2024-12-31 15:08,NULL,1600220,금암리마을회관주차장,4,세종특별자치시 장군면 정자말길 6,NULL,36.4382234,127.2205358,24시간 이용가능,ME,환경부,환경부,1661-9408,2,2.02501E+13,2.02412E+13,2.02412E+13,NULL,NULL,200,동시,36,36110,A0,A004,Y,NULL,N,NULL,N,NULL,YES,36.4382,127.221,0,0
1608091,ME21B248,1,2024-12-31 9:35,2024-12-31 10:00,NULL,1600219,세종전통시장주차타워,4,세종특별자치시 조치원읍 조치원6길 38 ,NULL,36.5997329,127.2995657,24시간 이용가능,ME,환경부,환경부,1661-9408,2,2.02501E+13,2.02412E+13,2.02412E+13,NULL,NULL,100,단독,36,36110,B0,B004,N,NULL,N,NULL,N,NULL,NO,36.5997,127.3,0,0
1608090,ME20B211,22,2024-12-31 11:01,2024-12-31 11:37,NULL,1600218,명학일반산업단지 관리사무소,4,세종특별자치시 연동면 응암리 916,NULL,36.5412012,127.3364791,24시간 이용가능,ME,환경부,환경부,1661-9408,2,2.02501E+13,2.02412E+13,2.02412E+13,NULL,NULL,200,동시,36,36110,B0,B001,Y,NULL,N,NULL,N,NULL,YES,36.5412,127.336,0,0
1608089,ME20B211,21,2024-12-31 10:02,2024-12-31 10:22,NULL,1600217,명학일반산업단지 관리사무소,4,세종특별자치시 연동면 응암리 916,NULL,36.5412012,127.3364791,24시간 이용가능,ME,환경부,환경부,1661-9408,2,2.02501E+13,2.02412E+13,2.02412E+13,NULL,NULL,200,동시,36,36110,B0,B001,Y,NULL,N,NULL,N,NULL,YES,36.5412,127.336,0,0
1608088,ME20B113,1,2024-12-31 11:32,2024-12-31 12:08,NULL,1600216,명학일반산업단지 근린공원 주차장,4,세종특별자치시 연동면 내판리 713,NULL,36.5443208,127.3298195,24시간 이용가능,ME,환경부,환경부,1661-9408,2,2.02501E+13,2.02501E+13,2.02501E+13,NULL,NULL,100,단독,36,36110,B0,B002,Y,NULL,N,NULL,N,NULL,YES,36.5443,127.33,0,0
1608087,ME19E508,1,2024-12-31 13:47,2024-12-31 14:26,NULL,1600215,정부세종청사 농림축산식품부/해양수산부,4,세종특별자치시 다솜2로 94(어진동),NULL,36.505377,127.26534,24시간 이용가능,ME,환경부,환경부,1661-9408,2,2.02501E+13,2.02412E+13,2.02412E+13,NULL,NULL,100,단독,36,36110,A0,A001,Y,NULL,N,NULL,N,NULL,YES,36.5054,127.265,0,0
1608086,ME18A516,1,2024-12-31 13:11,2024-12-31 13:54,NULL,1600214,세종정부청사 6동,6,세종특별자치시 도움6로 11,NULL,36.505094,127.262988,24시간 이용가능,ME,환경부,환경부,1661-9408,2,2.02501E+13,2.02412E+13,2.02412E+13,NULL,NULL,100,단독,36,36110,A0,A003,Y,NULL,N,NULL,N,NULL,YES,36.5051,127.263,0,0
1608085,ME18A514,1,2024-12-31 15:35,2024-12-31 16:01,NULL,1600213,새롬동 복합커뮤니티 센터,6,세종특별자치시 새롬동 341-72,NULL,36.485399,127.251677,24시간 이용가능,ME,환경부,환경부,1661-9408,2,2.02501E+13,2.02501E+13,2.02501E+13,NULL,NULL,100,단독,36,36110,A0,A002,Y,NULL,N,NULL,N,NULL,YES,36.4854,127.252,0,0
1608084,ME18A402,14,2024-12-31 14:36,2024-12-31 15:00,NULL,1600212,보람동 수변공원,4,세종특별자치시 보람동 624-1,NULL,36.481974,127.290825,24시간 이용가능,ME,환경부,환경부,1661-9408,2,2.02501E+13,2.02501E+13,2.02501E+13,NULL,NULL,200,동시,36,36110,D0,D001,Y,NULL,N,NULL,N,NULL,YES,36.482,127.291,0,0
1608083,ME18A402,13,2024-12-31 14:17,2024-12-31 14:34,NULL,1600211,보람동 수변공원,4,세종특별자치시 보람동 624-1,NULL,36.481974,127.290825,24시간 이용가능,ME,환경부,환경부,1661-9408,2,2.02501E+13,2.02412E+13,2.02412E+13,NULL,NULL,200,동시,36,36110,D0,D001,Y,NULL,N,NULL,N,NULL,YES,36.482,127.291,0,0
1608082,ME18A216,11,2024-12-31 13:18,2024-12-31 13:43,NULL,1600210,반곡동 수변공원,4,세종특별자치시 반곡동 234-10 ,NULL,36.492237,127.299546,24시간 이용가능,ME,환경부,환경부,1661-9408,2,2.02501E+13,2.02412E+13,2.02412E+13,NULL,NULL,200,동시,36,36110,D0,D001,Y,NULL,N,NULL,N,NULL,YES,36.4922,127.3,0,0
1608081,ME18A215,12,2024-12-31 11:19,2024-12-31 11:58,NULL,1600209,LH 세종본부,4,세종특별자치시 가름로 238-1,NULL,36.494692,127.26536,24시간 이용가능,ME,환경부,환경부,1661-9408,2,2.02501E+13,2.02412E+13,2.02412E+13,NULL,NULL,200,동시,36,36110,H0,H003,Y,NULL,N,NULL,N,NULL,YES,36.4947,127.265,0,0
1608080,ME18A214,12,2024-12-31 15:41,2024-12-31 16:02,NULL,1600208,원수산 아래 BMX경기장,4,세종특별자치시 연기면 세종리 659-30,NULL,36.522604,127.267463,24시간 이용가능,ME,환경부,환경부,1661-9408,2,2.02501E+13,2.02501E+13,2.02501E+13,NULL,NULL,200,동시,36,36110,J0,J007,Y,NULL,N,NULL,N,NULL,YES,36.5226,127.267,0,0
1608079,ME18A214,11,2024-12-31 15:30,2024-12-31 15:47,NULL,1600207,원수산 아래 BMX경기장,4,세종특별자치시 연기면 세종리 659-30,NULL,36.522604,127.267463,24시간 이용가능,ME,환경부,환경부,1661-9408,2,2.02501E+13,2.02412E+13,2.02412E+13,NULL,NULL,200,동시,36,36110,J0,J007,Y,NULL,N,NULL,N,NULL,YES,36.5226,127.267,0,0
1608078,ME18A001,5,2024-12-31 12:25,2024-12-31 13:08,NULL,1600206,은하수공원,4,"세종특별자치시 연기면 정안세종로 1527 은하수공원, 화장시설 주차장",NULL,36.532123,127.245097,24시간 이용가능,ME,환경부,환경부,031-994-6115 ,2,2.02501E+13,2.02501E+13,2.02501E+13,NULL,NULL,100,동시,36,36110,A0,A004,Y,NULL,N,NULL,N,NULL,YES,36.5321,127.245,0,0
1608077,ME18A001,3,2024-12-31 15:16,2024-12-31 16:00,NULL,1600205,은하수공원,4,"세종특별자치시 연기면 정안세종로 1527 은하수공원, 화장시설 주차장",NULL,36.532123,127.245097,24시간 이용가능,ME,환경부,환경부,031-994-6115 ,2,2.02501E+13,2.02501E+13,2.02501E+13,NULL,NULL,100,동시,36,36110,A0,A004,Y,NULL,N,NULL,N,NULL,YES,36.5321,127.245,0,0
1608076,ME18A001,1,2024-12-31 12:52,2024-12-31 13:35,NULL,1600204,은하수공원,6,"세종특별자치시 연기면 정안세종로 1527 은하수공원, 화장시설 주차장",NULL,36.532123,127.245097,24시간 이용가능,ME,환경부,환경부,031-994-6115 ,2,2.02501E+13,2.02412E+13,2.02412E+13,NULL,NULL,50,단독,36,36110,A0,A004,Y,NULL,N,NULL,N,NULL,YES,36.5321,127.245,0,0
1608075,ME183162,52,2024-12-31 13:40,2024-12-31 14:23,NULL,1600203,세종호수공원제2주차장,4,"세종특별자치시 어진동 621, 입구 우측",NULL,36.5002765,127.2691866,24시간 이용가능,ME,환경부,환경부,1661-9408,2,2.02501E+13,2.02501E+13,2.02501E+13,NULL,NULL,100,동시,36,36110,B0,B001,Y,NULL,N,NULL,N,NULL,YES,36.5003,127.269,0,0
1604818,PW100621,1,2024-12-30 16:38,2024-12-30 23:38,NULL,1596926,새뜸마을13단지아파트 입주자대표회의,2,세종특별자치시 새롬로 32,NULL,36.48722503,127.255615,24시간 이용가능,PW,파워큐브,파워큐브,1833-8017,3,2.02412E+13,2.02412E+13,2.02412E+13,2.02412E+13,NULL,7,단독,36,36110,H0,H001,Y,NULL,Y,거주자외 출입제한,N,NULL,YES,36.4872,127.256,0,0
1604817,PW014373,18,2024-12-30 17:22,2024-12-30 19:22,NULL,1596925,가재마을7단지입주자대표회의23,2,세종특별자치시 달빛로 77,NULL,36.50555668,127.2484212,24시간 이용가능,PW,파워큐브,파워큐브,1833-8017,3,2.02412E+13,2.02412E+13,2.02412E+13,2.02412E+13,NULL,7,단독,36,36110,H0,H001,Y,NULL,Y,거주자외 출입제한,N,NULL,YES,36.5056,127.248,0,0
1604816,PW013622,4,2024-12-30 14:42,2024-12-30 18:57,NULL,1596924,첫마을5단지아파트 입주자대표회의,2,세종특별자치시 누리로 59,NULL,36.47516087,127.2490457,24시간 이용가능,PW,파워큐브,파워큐브,1833-8017,2,2.02501E+13,2.02412E+13,2.02412E+13,NULL,NULL,7,단독,36,36110,H0,H001,Y,NULL,Y,거주자외 출입제한,N,NULL,YES,36.4752,127.249,0,0
1604815,PW012787,1,2024-12-30 23:33,2024-12-31 0:33,NULL,1596923,범지기마을11단지아파트 입주자대표회의,2,세종특별자치시 보듬3로 73,NULL,36.51116829,127.2516749,24시간 이용가능,PW,파워큐브,파워큐브,1833-8017,2,2.02501E+13,2.02412E+13,2.02412E+13,NULL,NULL,NULL,단독,36,36110,H0,H001,Y,NULL,Y,거주자외 출입제한,N,NULL,YES,36.5112,127.252,0,0
1604814,PW012463,2,2024-12-30 17:24,2024-12-30 19:40,NULL,1596922,죽림푸르지오아파트입주자대표회의,2,세종특별자치시 조치원읍 죽림본로 33-6,NULL,36.59101683,127.294804,24시간 이용가능,PW,파워큐브,파워큐브,1833-8017,3,2.02412E+13,2.02412E+13,2.02412E+13,2.02412E+13,NULL,NULL,NULL,36,36110,H0,H001,Y,NULL,Y,거주자외 출입제한,N,NULL,YES,36.591,127.295,0,0
1604813,PW011570,5,2024-12-30 18:48,2024-12-31 4:04,NULL,1596921,새샘마을9단지아파트입주자대표회의,2,세종특별자치시 국책연구원1로 15,NULL,36.49101153,127.2997513,24시간 이용가능,PW,파워큐브,파워큐브,1833-8017,3,2.02412E+13,2.02412E+13,2.02412E+13,2.02412E+13,NULL,NULL,NULL,36,36000,H0,H001,Y,NULL,Y,거주자외 출입제한,N,NULL,YES,36.491,127.3,0,0
1604812,PW011294,2,2024-12-30 19:26,2024-12-30 22:11,NULL,1596920,호려울마을7단지-2,2,세종특별자치시 남세종로 480,NULL,36.47595016,127.2867211,24시간 이용가능,PW,파워큐브,파워큐브,1833-8017,2,2.02501E+13,2.02412E+13,2.02501E+13,NULL,NULL,NULL,NULL,36,36000,H0,H001,Y,NULL,Y,거주자외 출입제한,N,NULL,YES,36.4759,127.287,0,0
1604811,PW000651,1,2024-12-30 22:41,2024-12-31 1:56,NULL,1596919,새뜸마을7단지-703동,2,세종특별자치시 새롬중앙로 89,NULL,36.484422,127.254652,24시간 이용가능,PW,파워큐브,파워큐브,1833-8017,3,2.02501E+13,2.02501E+13,2.02501E+13,2.02501E+13,NULL,NULL,NULL,36,36110,H0,H001,Y,NULL,Y,거주자외 출입제한,N,NULL,YES,36.4844,127.255,0,0
1604810,PIH00558,10,2024-12-30 23:16,2024-12-30 23:16,NULL,1596918,가재마을7단지아파트,2,세종특별자치시 달빛로 77,NULL,36.5055567,127.2484212,24시간 이용가능,PI,GS차지비,GS차지비,1544-4279,3,2.02412E+13,2.02412E+13,2.02412E+13,2.02412E+13,NULL,7,단독,36,36110,H0,H001,Y,NULL,Y,해당 시설 정책에 따라 이용이 불가 할 수 있습니다.,N,NULL,YES,36.5056,127.248,0,0
1604809,PI716248,7,2024-12-31 1:47,2024-12-31 1:47,NULL,1596917,가락마을19단지 세종파라곤 아파트,2,세종특별자치시 밝은뜰로 15,NULL,36.52211266,127.2342634,24시간 이용가능,PI,차지비,GS차지비,1600-4047,2,2.02501E+13,2.02501E+13,2.02501E+13,NULL,NULL,7,단독,36,36110,H0,H001,Y,NULL,Y,거주자외 출입제한,N,NULL,YES,36.5221,127.234,0,0
1604808,KP001510,2,2024-12-31 1:38,2024-12-31 8:25,NULL,1596916,가재마을3단지,2,세종특별자치시 종촌동 도움3로 159  ,NULL,36.50393532,127.2437461,NULL,KP,한국전력공사,한국전력,NULL,3,2.02412E+13,2.02412E+13,2.02412E+13,2.02412E+13,NULL,NULL,NULL,36,36110,H0,H001,Y,NULL,Y,시설 상황에 따라 이용이 제한될 수 있음,N,NULL,YES,36.5039,127.244,0,0
1604807,HM000903,8,2024-12-30 6:37,2024-12-30 18:58,NULL,1596915,정부세종청사 17동,2,세종특별자치시 정부2청사로 13,NULL,36.4833228,127.2618188,24시간 이용가능,HM,휴맥스이브이,휴맥스이브이,1800-3188,2,2.02501E+13,2.02412E+13,2.02412E+13,NULL,NULL,7,단독,36,36110,A0,A003,N,NULL,Y,보안구역으로 출입이 제한됨,N,NULL,YES,36.4833,127.262,0,0
1604806,HM000902,6,2024-12-30 20:47,2024-12-31 1:40,NULL,1596914,정부세종청사 16동,2,세종특별자치시 국세청로 8-14,NULL,36.48507981,127.2603063,24시간 이용가능,HM,휴맥스이브이,휴맥스이브이,1800-3188,2,2.02412E+13,2.02412E+13,2.02412E+13,NULL,NULL,7,단독,36,36110,A0,A002,Y,NULL,Y,보안구역으로 출입이 제한됨,N,NULL,YES,36.4851,127.26,0,0
1604805,EV006873,2,2024-12-31 0:28,2024-12-31 9:06,NULL,1596913,세종보람 제일풍경채도램9단지 2,2,세종특별자치시 보람로 15,NULL,36.51063124,127.2635877,24시간 이용가능,EV,에버온,에버온,1661-7766,3,2.02412E+13,2.02412E+13,2.02412E+13,2.02412E+13,NULL,7,단독,36,36110,H0,H001,Y,외부인 사용불가,Y,외부인 사용불가,N,NULL,YES,36.5106,127.264,0,0
1604804,EC000868,6,2024-12-30 19:16,2024-12-31 6:25,NULL,1596912,새샘마을9단지,2,세종특별자치시 국책연구원1로 15,NULL,36.48919994,127.30155,24시간 이용가능,EC,이지차저,이지차저,1544-3332,2,2.02501E+13,2.02412E+13,2.02412E+13,NULL,NULL,7,단독,36,36110,H0,H001,Y,관리 시설에 따른 이용 제한이 있을 수 있음,N,NULL,N,NULL,YES,36.4892,127.302,0,0
1604803,EC000868,1,2024-12-30 20:07,2024-12-30 23:31,NULL,1596911,새샘마을9단지,2,세종특별자치시 국책연구원1로 15,NULL,36.48919994,127.30155,24시간 이용가능,EC,이지차저,이지차저,1544-3332,2,2.02412E+13,2.02412E+13,2.02412E+13,NULL,NULL,7,단독,36,36110,H0,H001,Y,관리 시설에 따른 이용 제한이 있을 수 있음,N,NULL,N,NULL,YES,36.4892,127.302,0,0
1604802,CV004029,2,2024-12-30 19:28,2024-12-31 9:07,NULL,1596910,새뜸마을2단지아파트,2,세종특별자치시 새롬남로 17,NULL,36.483949,127.24858,24시간 이용가능,CV,채비,채비,1522-2573,2,2.02501E+13,2.02412E+13,2.02501E+13,NULL,NULL,7,단독,36,36110,H0,H001,Y,NULL,Y,입주민 외 이용제한 있을 수 있음,N,NULL,YES,36.4839,127.249,0,0
1604801,ME19E226,22,2024-12-31 3:57,2024-12-31 4:05,NULL,1596908,정부세종청사 소방청,4,세종특별자치시 정부2청사로 13(나성동),NULL,36.483501,127.262153,24시간 이용가능,ME,환경부,환경부,1661-9408,2,2.02501E+13,2.02412E+13,2.02412E+13,NULL,NULL,200,동시,36,36110,A0,A001,Y,NULL,N,NULL,N,NULL,YES,36.4835,127.262,0,0
1604800,ME18A216,12,2024-12-31 8:11,2024-12-31 8:54,NULL,1596907,반곡동 수변공원,4,세종특별자치시 반곡동 234-10 ,NULL,36.492237,127.299546,24시간 이용가능,ME,환경부,환경부,1661-9408,2,2.02501E+13,2.02412E+13,2.02412E+13,NULL,NULL,200,동시,36,36110,D0,D001,Y,NULL,N,NULL,N,NULL,YES,36.4922,127.3,0,0
1604799,ME18A001,5,2024-12-31 8:23,2024-12-31 9:06,NULL,1596906,은하수공원,4,"세종특별자치시 연기면 정안세종로 1527 은하수공원, 화장시설 주차장",NULL,36.532123,127.245097,24시간 이용가능,ME,환경부,환경부,031-994-6115 ,2,2.02501E+13,2.02501E+13,2.02501E+13,NULL,NULL,100,동시,36,36110,A0,A004,Y,NULL,N,NULL,N,NULL,YES,36.5321,127.245,0,0
1604798,ME18A001,1,2024-12-31 7:54,2024-12-31 8:41,NULL,1596905,은하수공원,6,"세종특별자치시 연기면 정안세종로 1527 은하수공원, 화장시설 주차장",NULL,36.532123,127.245097,24시간 이용가능,ME,환경부,환경부,031-994-6115 ,2,2.02501E+13,2.02412E+13,2.02412E+13,NULL,NULL,50,단독,36,36110,A0,A004,Y,NULL,N,NULL,N,NULL,YES,36.5321,127.245,0,0
1603554,PWE06416,42,2024-12-30 23:34,2024-12-31 8:11,NULL,1595650,가온마을12단지더하이스트아파트,2,세종특별자치시 다정남로 123,NULL,36.49287838,127.2548443,24시간 이용가능,PW,파워큐브,(주)파워큐브코리아,02-1833-8017,9,2.02501E+13,2.02412E+13,2.02501E+13,NULL,NULL,3,단독,36,36110,H0,H001,Y,NULL,Y,거주자외 출입제한,N,NULL,YES,36.4929,127.255,0,0
1603553,PW100577,1,2024-12-30 18:22,2024-12-30 20:22,NULL,1595649,호려울마을3단지,2,세종특별자치시 시청대로 78,NULL,36.47675452,127.2805847,24시간 이용가능,PW,파워큐브,파워큐브,1833-8017,3,2.02412E+13,2.02412E+13,2.02412E+13,2.02412E+13,NULL,7,단독,36,36110,H0,H001,Y,NULL,Y,거주자외 출입제한,N,NULL,YES,36.4768,127.281,0,0
1603552,PW014478,5,2024-12-30 17:39,2024-12-31 0:10,NULL,1595648,신흥E편한세상아파트입주자대표회의23,2,세종특별자치시 조치원읍 이화1로 15,NULL,36.593474,127.2850503,24시간 이용가능,PW,파워큐브,파워큐브,1833-8017,2,2.02412E+13,2.02412E+13,2.02412E+13,NULL,NULL,7,단독,36,36110,H0,H001,Y,NULL,Y,거주자외 출입제한,N,NULL,YES,36.5935,127.285,0,0
1603551,PW013730,4,2024-12-30 22:02,2024-12-31 8:10,NULL,1595647,범지기마을12단지입주자대표회의,2,세종특별자치시 보듬3로 74,NULL,36.51190049,127.2509417,24시간 이용가능,PW,파워큐브,파워큐브,1833-8017,2,2.02501E+13,2.02412E+13,2.02501E+13,NULL,NULL,7,단독,36,36110,H0,H001,Y,NULL,Y,거주자외 출입제한,N,NULL,YES,36.5119,127.251,0,0
1603550,PW013712,12,2024-12-30 17:16,2024-12-30 21:47,NULL,1595646,호려울마을8단지입주자대표회의22,2,세종특별자치시 보람동로 14,NULL,36.47755115,127.2962395,24시간 이용가능,PW,파워큐브,파워큐브,1833-8017,2,2.02501E+13,2.02412E+13,2.02501E+13,NULL,NULL,7,단독,36,36110,H0,H001,Y,NULL,Y,거주자외 출입제한,N,NULL,YES,36.4776,127.296,0,0
1603549,PW013707,1,2024-12-30 19:21,2024-12-31 8:11,NULL,1595645,가온마을11단지 입주자대표회의,2,세종특별자치시 가온로 10,NULL,36.49183477,127.2546206,24시간 이용가능,PW,파워큐브,파워큐브,1833-8017,3,2.02412E+13,2.02412E+13,2.02412E+13,2.02412E+13,NULL,7,단독,36,36110,H0,H001,Y,NULL,Y,거주자외 출입제한,N,NULL,YES,36.4918,127.255,0,0
1603548,PW013677,4,2024-12-30 18:14,2024-12-31 8:12,NULL,1595644,새뜸마을12단지입주자대표회의,2,세종특별자치시 새롬남로 102,NULL,36.48514275,127.2568631,24시간 이용가능,PW,파워큐브,파워큐브,1833-8017,3,2.02412E+13,2.02412E+13,2.02412E+13,2.02412E+13,NULL,7,단독,36,36110,H0,H001,Y,NULL,Y,거주자외 출입제한,N,NULL,YES,36.4851,127.257,0,0
1603547,PW013663,1,2024-12-31 1:04,2024-12-31 2:49,NULL,1595643,새뜸마을9단지아파트 입주자대표회의22,2,세종특별자치시 새롬남로 98,NULL,36.4848515,127.2560895,24시간 이용가능,PW,파워큐브,파워큐브,1833-8017,2,2.02501E+13,2.02412E+13,2.02501E+13,NULL,NULL,7,단독,36,36110,H0,H001,Y,NULL,Y,거주자외 출입제한,N,NULL,YES,36.4849,127.256,0,0
1603546,PW013659,4,2024-12-31 1:29,2024-12-31 7:00,NULL,1595642,도램마을10단지 입주자대표회의,2,세종특별자치시 보듬4로 20,NULL,36.51087081,127.2611913,24시간 이용가능,PW,파워큐브,파워큐브,1833-8017,3,2.02412E+13,2.02412E+13,2.02412E+13,2.02412E+13,NULL,7,단독,36,36110,H0,H001,Y,NULL,Y,거주자외 출입제한,N,NULL,YES,36.5109,127.261,0,0
1603545,PW013658,12,2024-12-30 12:45,2024-12-30 16:01,NULL,1595641,도램마을1단지아파트입주자대표회의,2,세종특별자치시 다솜1로 140,NULL,36.51150653,127.2564381,24시간 이용가능,PW,파워큐브,파워큐브,1833-8017,2,2.02501E+13,2.02412E+13,2.02412E+13,NULL,NULL,7,단독,36,36110,H0,H001,Y,NULL,Y,거주자외 출입제한,N,NULL,YES,36.5115,127.256,0,0
1603544,PW013511,7,2024-12-30 14:14,2024-12-31 2:24,NULL,1595640,범지기3단지아파트입주자대표회의,2,세종특별자치시 달빛1로 201,NULL,36.51854604,127.2440783,24시간 이용가능,PW,파워큐브,파워큐브,1833-8017,2,2.02501E+13,2.02412E+13,2.02501E+13,NULL,NULL,7,단독,36,36110,H0,H001,Y,NULL,Y,거주자외 출입제한,N,NULL,YES,36.5185,127.244,0,0
1603543,PW000073,1,2024-12-30 18:46,2024-12-30 20:16,NULL,1595639,첫마을6단지-606동,2,세종특별자치시 누리로 27(한솔동),NULL,36.474279,127.254149,24시간 이용가능,PW,파워큐브,파워큐브코리아,1833-8017,2,2.02412E+13,2.02412E+13,2.02412E+13,NULL,NULL,7,단독,36,36110,H0,H001,Y,NULL,Y,거주자외 출입제한,N,NULL,YES,36.4743,127.254,0,0
1603542,PL005318,3,2024-12-29 13:34,2024-12-31 8:13,NULL,1595638,가락마을20단지,2,세종특별자치시 만남로 190,NULL,36.51706356,127.2410175,24시간 이용가능,PL,플러그링크,플러그링크,1533-0702,3,2.02501E+13,2.02501E+13,2.02412E+13,2.02501E+13,NULL,7,단독,36,36110,H0,H001,Y,NULL,Y,시설 상황에 따라 이용이 제한될 수 있음,N,NULL,YES,36.5171,127.241,0,0
1603541,PL000303,19,2024-12-30 20:06,2024-12-31 8:11,NULL,1595637,가온마을2단지한신휴플러스제일풍경채,2,세종특별자치시 다정북로 110,NULL,36.49578199,127.2435873,24시간 이용가능,PL,플러그링크,플러그링크,1533-0702,3,2.02412E+13,2.02412E+13,2.02412E+13,2.02412E+13,NULL,7,단독,36,36110,H0,H001,Y,NULL,Y,시설 상황에 따라 이용이 제한될 수 있음,N,NULL,YES,36.4958,127.244,0,0
1603540,PIH00558,6,2024-12-30 21:38,2024-12-30 21:38,NULL,1595636,가재마을7단지아파트,2,세종특별자치시 달빛로 77,NULL,36.5055567,127.2484212,24시간 이용가능,PI,GS차지비,GS차지비,1544-4279,3,2.02412E+13,2.02412E+13,2.02412E+13,2.02412E+13,NULL,7,단독,36,36110,H0,H001,Y,NULL,Y,해당 시설 정책에 따라 이용이 불가 할 수 있습니다.,N,NULL,YES,36.5056,127.248,0,0
1603539,PI716248,17,2024-12-31 2:16,2024-12-31 2:16,NULL,1595635,가락마을19단지 세종파라곤 아파트,2,세종특별자치시 밝은뜰로 15,NULL,36.52211266,127.2342634,24시간 이용가능,PI,차지비,GS차지비,1600-4047,3,2.02412E+13,2.02412E+13,2.02412E+13,2.02412E+13,NULL,7,단독,36,36110,H0,H001,Y,NULL,Y,거주자외 출입제한,N,NULL,YES,36.5221,127.234,0,0
1603538,PI711916,22,2024-12-31 1:59,2024-12-31 1:59,NULL,1595634,가온마을6단지,2,세종특별자치시 다정중앙로 77,NULL,36.4978774,127.2483213,24시간 이용가능,PI,차지비,GS차지비,1600-4047,2,2.02412E+13,2.02412E+13,2.02412E+13,NULL,NULL,7,단독,36,36110,H0,H001,Y,NULL,Y,거주자외 출입제한,N,NULL,YES,36.4979,127.248,0,0
1603537,PI069238,14,2024-12-31 2:44,2024-12-31 2:44,NULL,1595633,세종가온마을7단지아파트,2,세종특별자치시 다정중앙로 20,NULL,36.4925572,127.2500005,24시간 이용가능,PI,GS차지비,GS차지비,1544-4279,3,2.02412E+13,2.02412E+13,2.02412E+13,2.02412E+13,NULL,7,단독,36,36110,H0,H001,N,거주자 외 출입제한,Y,거주자 외 출입제한,N,NULL,NO,36.4926,127.25,0,0
1603536,MO910086,1,2024-12-30 17:32,2024-12-31 8:11,NULL,1595632,수루배마을1단지-3,2,세종특별자치시 반곡로 14,NULL,36.498173,127.306778,24시간 이용가능,MO,매니지온,매니지온,1833-2377,3,2.02412E+13,2.02412E+13,2.02412E+13,2.02412E+13,NULL,7,단독,36,36110,H0,H001,Y,NULL,N,시설 상황에 따라 이용이 제한될 수 있음.,N,NULL,YES,36.4982,127.307,0,0
1603535,LU002929,3,2024-12-30 22:20,2024-12-31 8:09,NULL,1595631,가재마을6단지아파트,2,세종특별자치시 달빛1로 74,NULL,36.506352,127.245735,24시간 이용가능,LU,LG유플러스 볼트업,LG유플러스볼트업,LG유플러스볼트업,2,2.02412E+13,2.02412E+13,2.02412E+13,NULL,NULL,7,단독,36,36110,H0,H001,Y,NULL,N,NULL,N,NULL,YES,36.5064,127.246,0,0
1603534,HM001006,24,2024-12-30 20:51,2024-12-31 0:35,NULL,1595630,해밀마을2단지 세종마스터힐스,2,세종특별자치시 해밀3로 90,NULL,36.53079075,127.2690775,24시간 이용가능,HM,휴맥스이브이,휴맥스이브이,1800-3188,3,2.02412E+13,2.02412E+13,2.02412E+13,2.02412E+13,NULL,7,단독,36,36110,H0,H001,Y,거주자외 사용불가,Y,NULL,N,NULL,YES,36.5308,127.269,0,0
1603533,HM000458,10,2024-12-30 15:04,2024-12-30 18:10,NULL,1595629,새뜸마을3단지,2,세종특별자치시 새롬북로 14,NULL,36.48632015,127.2465663,24시간 이용가능,HM,휴맥스이브이,HUMAX EV,1800-3188,3,2.02412E+13,2.02412E+13,2.02412E+13,2.02412E+13,NULL,7,단독,36,36110,H0,H001,N,거주자외 사용불가,Y,NULL,N,NULL,YES,36.4863,127.247,0,0
1603532,HM000458,1,2024-12-30 20:40,2024-12-31 3:02,NULL,1595628,새뜸마을3단지,2,세종특별자치시 새롬북로 14,NULL,36.48632015,127.2465663,24시간 이용가능,HM,휴맥스이브이,HUMAX EV,1800-3188,2,2.02501E+13,2.02412E+13,2.02501E+13,NULL,NULL,7,단독,36,36110,H0,H001,N,거주자외 사용불가,Y,NULL,N,NULL,YES,36.4863,127.247,0,0
1603531,EV008935,5,2024-12-30 20:33,2024-12-31 4:27,NULL,1595627,세종 가락마을11단지아파트3,2,세종특별자치시 마음로 152,NULL,36.51228648,127.2309849,24시간 이용가능,EV,에버온,에버온,1661-7766,2,2.02412E+13,2.02412E+13,2.02412E+13,NULL,NULL,7,단독,36,36110,H0,H001,Y,외부인 사용불가,Y,외부인 사용불가,N,NULL,YES,36.5123,127.231,0,0
1603530,EV008014,1,2024-12-30 19:04,2024-12-30 21:08,NULL,1595626,세종 가락마을10단지아파트6,2,세종특별자치시 마음로 181,NULL,36.51484708,127.2280006,24시간 이용가능,EV,에버온,에버온,1661-7766,2,2.02501E+13,2.02412E+13,2.02412E+13,NULL,NULL,7,단독,36,36110,H0,H001,Y,외부인 사용불가,N,외부인 사용불가,N,NULL,YES,36.5148,127.228,0,0
1603529,EC005029,1,2024-12-31 7:24,2024-12-31 8:10,NULL,1595625,세종우체국 (급),4,세종특별자치시 시청대로 180,NULL,36.48054879,127.2918559,24시간 이용가능,EC,이지차저,이지차저,1544-3332,2,2.02412E+13,2.02412E+13,2.02412E+13,NULL,NULL,50,단독,36,36110,A0,A003,N,관리 시설에 따른 이용 제한이 있을 수 있음 ,N,NULL,N,NULL,YES,36.4805,127.292,0,0
1603528,CV002084,2,2024-12-31 7:08,2024-12-31 8:08,NULL,1595624,세종농업기술센터,4,세종특별자치시 연서면 월하천로 289,NULL,36.57222329,127.2832296,09:00~18:00,CV,대영채비,대영채비,1522-2573,2,2.02501E+13,2.02412E+13,2.02412E+13,NULL,NULL,200,동시,36,36110,A0,A003,Y,NULL,N,NULL,N,NULL,NO,36.5722,127.283,0,0
1603527,ME23B129,1,2024-12-31 7:20,2024-12-31 7:55,NULL,1595623,세종시립도서관,6,세종특별자치시 고운동 2103,NULL,36.5104933,127.2397304,24시간 개방,ME,환경부,환경부,044-301-4316,2,2.02501E+13,2.02412E+13,2.02412E+13,NULL,NULL,100,단독,36,36110,I0,I005,Y,NULL,N,NULL,N,NULL,YES,36.5105,127.24,0,0
1603526,ME23A220,22,2024-12-29 12:06,2024-12-29 12:27,NULL,1595622,고운동 복합커뮤니티센터(북측),4,세종특별자치시 마음로 284,NULL,36.5194405,127.2363011,24시간 이용가능,ME,환경부,환경부,1661-9408,2,2.02501E+13,2.02412E+13,2.02412E+13,NULL,NULL,200,단독,36,36110,A0,A002,Y,NULL,N,NULL,N,NULL,YES,36.5194,127.236,0,0
1603525,ME23A220,21,2024-12-29 12:03,2024-12-29 12:43,NULL,1595621,고운동 복합커뮤니티센터(북측),4,세종특별자치시 마음로 284,NULL,36.5194405,127.2363011,24시간 이용가능,ME,환경부,환경부,1661-9408,2,2.02501E+13,2.02412E+13,2.02412E+13,NULL,NULL,200,단독,36,36110,A0,A002,Y,NULL,N,NULL,N,NULL,YES,36.5194,127.236,0,0
1603524,ME23A219,22,2024-12-30 18:43,2024-12-30 19:23,NULL,1595620,고운동 복합커뮤니티센터(남측),4,세종특별자치시 마음로 64,NULL,36.5053321,127.2354707,24시간 이용가능,ME,환경부,환경부,1661-9408,2,2.02501E+13,2.02501E+13,2.02501E+13,NULL,NULL,200,단독,36,36110,A0,A002,Y,NULL,N,NULL,N,NULL,YES,36.5053,127.235,0,0
1603523,ME22C401,4,2024-12-27 14:06,2024-12-27 14:41,NULL,1595619,정부세종청사 중앙동,4,세종특별자치시 도음6로 42,NULL,36.5019899,127.2633337,24시간 이용가능,ME,환경부,환경부,1661-9408,2,2.02501E+13,2.02412E+13,2.02412E+13,NULL,NULL,100,단독,36,36110,A0,A003,Y,NULL,N,NULL,N,NULL,YES,36.502,127.263,0,0
1603522,ME22C401,1,2024-12-27 15:58,2024-12-27 16:38,NULL,1595618,정부세종청사 중앙동,4,세종특별자치시 도음6로 42,NULL,36.5019899,127.2633337,24시간 이용가능,ME,환경부,환경부,1661-9408,2,2.02501E+13,2.02412E+13,2.02412E+13,NULL,NULL,100,단독,36,36110,A0,A003,Y,NULL,N,NULL,N,NULL,YES,36.502,127.263,0,0
1603521,ME22C138,1,2024-12-29 18:20,2024-12-29 18:42,NULL,1595617,세종종합사회복지관,4,세종특별자치시 조치원읍 산책1길 65,NULL,36.5961876,127.3012973,24시간 이용가능,ME,환경부,환경부,1661-9408,2,2.02501E+13,2.02412E+13,2.02412E+13,NULL,NULL,100,단독,36,36110,I0,I006,Y,NULL,N,NULL,N,NULL,YES,36.5962,127.301,0,0
1603520,ME19F403,2,2024-12-28 15:45,2024-12-28 15:55,NULL,1595616,세종중앙공원주차장2,4,세종특별자치시 연기면 수목원로 136,NULL,36.49897513,127.2831925,24시간 이용가능,ME,환경부,환경부,1661-9408,2,2.02501E+13,2.02412E+13,2.02412E+13,NULL,NULL,100,단독,36,36110,B0,B002,Y,NULL,N,NULL,N,NULL,YES,36.499,127.283,0,0
1603519,ME19F208,1,2024-12-30 11:01,2024-12-30 11:41,NULL,1595615,세종중앙공원주차장,4,세종특별자치시 연기면 세종리 548-88,NULL,36.49110627,127.2698179,24시간 이용가능,ME,환경부,환경부,1661-9408,2,2.02501E+13,2.02412E+13,2.02412E+13,NULL,NULL,100,단독,36,36110,B0,B002,Y,NULL,N,NULL,N,NULL,YES,36.4911,127.27,0,0
1603518,ME19E510,1,2024-12-31 6:42,2024-12-31 6:46,NULL,1595614,정부세종청사 문화체육관광부,4,세종특별자치시 갈매로 388(어진동),NULL,36.49741,127.265079,24시간 이용가능,ME,환경부,환경부,1661-9408,2,2.02501E+13,2.02412E+13,2.02412E+13,NULL,NULL,100,단독,36,36110,A0,A001,Y,NULL,N,NULL,N,NULL,YES,36.4974,127.265,0,0
1603517,ME19B209,22,2024-12-30 8:59,2024-12-30 9:16,NULL,1595613,세종청사7동 법제처,4,세종특별자치시 도움5로 20,NULL,36.505509,127.258857,24시간 이용가능,ME,환경부,환경부,1661-9408,2,2.02501E+13,2.02412E+13,2.02412E+13,NULL,NULL,200,동시,36,36110,A0,A001,Y,NULL,N,NULL,N,NULL,YES,36.5055,127.259,0,0
1602381,PW014667,1,2024-12-30 19:05,2024-12-30 23:05,NULL,1594463,한뜰마을5단지 입주자대표회의,2,세종특별자치시 다솜로 7,NULL,36.49831315,127.2564905,24시간 이용가능,PW,파워큐브,파워큐브,1833-8017,3,2.02412E+13,2.02412E+13,2.02412E+13,2.02412E+13,NULL,7,단독,36,36110,H0,H001,Y,NULL,Y,거주자외 출입제한,N,NULL,YES,36.4983,127.256,0,0
1602380,PW014559,1,2024-12-30 19:09,2024-12-31 6:10,NULL,1594462,범지기마을 56단지 관리사무소(6단지),2,세종특별자치시 달빛로 135,NULL,36.5100324,127.2486561,24시간 이용가능,PW,파워큐브,파워큐브,1833-8017,2,2.02412E+13,2.02412E+13,2.02412E+13,NULL,NULL,7,단독,36,36110,H0,H001,Y,NULL,Y,거주자외 출입제한,N,NULL,YES,36.51,127.249,0,0
1602379,PW014529,10,2024-12-30 20:22,2024-12-31 2:22,NULL,1594461,가락마을4단지아파트 입주자대표회의,2,세종특별자치시 마음안로 48,NULL,36.5067997,127.2372679,24시간 이용가능,PW,파워큐브,파워큐브,1833-8017,3,2.02412E+13,2.02412E+13,2.02412E+13,2.02412E+13,NULL,7,단독,36,36110,H0,H001,Y,NULL,Y,거주자외 출입제한,N,NULL,YES,36.5068,127.237,0,0
1602378,PW013921,4,2024-12-30 19:02,2024-12-31 5:20,NULL,1594460,(주)장남해들마을5단지관리사무소,2,세종특별자치시 대평로 56,NULL,36.47325962,127.2789401,24시간 이용가능,PW,파워큐브,파워큐브,1833-8017,2,2.02501E+13,2.02412E+13,2.02501E+13,NULL,NULL,7,단독,36,36110,H0,H001,Y,NULL,Y,거주자외 출입제한,N,NULL,YES,36.4733,127.279,0,0
1602377,PW013872,10,2024-12-30 20:17,2024-12-31 7:03,NULL,1594459,해밀마을1단지아파트입주자대표회의,2,세종특별자치시 해밀3로 32,NULL,36.52933278,127.2672275,24시간 이용가능,PW,파워큐브,파워큐브,1833-8017,2,2.02501E+13,2.02412E+13,2.02412E+13,NULL,NULL,7,단독,36,36110,H0,H001,Y,NULL,Y,거주자외 출입제한,N,NULL,YES,36.5293,127.267,0,0
1602376,PW013783,8,2024-12-30 18:23,2024-12-31 2:24,NULL,1594458,가락마을1단지아파트 입주자대표회의,2,세종특별자치시 마음로 67,NULL,36.50482142,127.2327859,24시간 이용가능,PW,파워큐브,파워큐브,1833-8017,2,2.02501E+13,2.02412E+13,2.02501E+13,NULL,NULL,7,단독,36,36110,H0,H001,Y,NULL,Y,거주자외 출입제한,N,NULL,YES,36.5048,127.233,0,0
1602375,PW013748,7,2024-12-30 18:16,2024-12-31 2:02,NULL,1594457,세종고운뜰PARK 가락마을8단지22,2,세종특별자치시 만남로 92,NULL,36.50569802,127.2407533,24시간 이용가능,PW,파워큐브,파워큐브,1833-8017,3,2.02412E+13,2.02412E+13,2.02412E+13,2.02412E+13,NULL,7,단독,36,36110,H0,H001,Y,NULL,Y,거주자외 출입제한,N,NULL,YES,36.5057,127.241,0,0
1602374,PW013714,3,2024-12-25 14:20,2024-12-25 19:36,NULL,1594456,가재마을7단지입주자대표회의22,2,세종특별자치시 달빛로 77,NULL,36.50555668,127.2484212,24시간 이용가능,PW,파워큐브,파워큐브,1833-8017,2,2.02501E+13,2.02412E+13,2.02412E+13,NULL,NULL,7,단독,36,36110,H0,H001,Y,NULL,Y,거주자외 출입제한,N,NULL,YES,36.5056,127.248,0,0
1602373,PW010278,9,2024-12-30 18:25,2024-12-31 3:56,NULL,1594455,가온마을3단지,2,세종특별자치시 다정북로 109,NULL,36.496556,127.2422988,24시간 이용가능,PW,파워큐브,파워큐브,1833-8017,3,2.02412E+13,2.02412E+13,2.02412E+13,2.02412E+13,NULL,NULL,NULL,36,36000,H0,H001,Y,NULL,Y,거주자외 출입제한,N,NULL,YES,36.4966,127.242,0,0
1602372,PW000071,1,2024-12-29 14:13,2024-12-29 17:58,NULL,1594454,첫마을6단지-603동,2,세종특별자치시 누리로 28(한솔동),NULL,36.476502,127.253416,24시간 이용가능,PW,파워큐브,파워큐브코리아,1833-8017,2,2.02412E+13,2.02412E+13,2.02412E+13,NULL,NULL,7,단독,36,36110,H0,H001,Y,NULL,Y,거주자외 출입제한,N,NULL,YES,36.4765,127.253,0,0
1602371,PI710826,9,2024-12-31 1:03,2024-12-31 1:03,NULL,1594453,세종첫마을3단지아파트,2,세종특별자치시 나리1로 15,NULL,36.4787851,127.2593804,24시간 이용가능,PI,차지비,GS차지비,1600-4047,3,2.02412E+13,2.02412E+13,2.02412E+13,2.02412E+13,NULL,7,단독,36,36110,H0,H001,Y,NULL,Y,관계자 외 출입제한,N,NULL,YES,36.4788,127.259,0,0
1602370,PI448327,20,2024-12-31 2:08,2024-12-31 2:08,NULL,1594452,세종시 가락마을중흥S클래스6단지,2,세종특별자치시 마음로 14,NULL,36.5026188,127.2397981,24시간 이용가능,PI,GS차지비,차지비,1600-4047,2,2.02501E+13,2.02501E+13,2.02501E+13,NULL,NULL,7,단독,36,36110,H0,H001,Y,입주민전용,Y,입주민전용,N,NULL,YES,36.5026,127.24,0,0
1602369,PI448324,2,2024-12-30 20:07,2024-12-30 20:07,NULL,1594451,세종시 가락마을22단지,2,세종특별자치시 마음로 322,NULL,36.51893096,127.2415813,24시간 이용가능,PI,차지비,차지비,1600-4047,3,2.02501E+13,2.02501E+13,2.02501E+13,2.02501E+13,NULL,7,단독,36,36110,H0,H001,Y,NULL,N,NULL,N,NULL,YES,36.5189,127.242,0,0
1602368,PI069238,20,2024-12-31 7:18,2024-12-31 7:18,NULL,1594450,세종가온마을7단지아파트,2,세종특별자치시 다정중앙로 20,NULL,36.4925572,127.2500005,24시간 이용가능,PI,GS차지비,GS차지비,1544-4279,2,2.02412E+13,2.02412E+13,2.02412E+13,NULL,NULL,7,단독,36,36110,H0,H001,N,거주자 외 출입제한,Y,거주자 외 출입제한,N,NULL,YES,36.4926,127.25,0,0
1602367,PI017234,1,2024-12-30 18:35,2024-12-30 18:35,NULL,1594449,세종원프라자,2,세종특별자치시 보듬3로 8-37 세종시 보듬3로 8-37 원프라자,NULL,36.5155759,127.2578433,24시간 이용가능,PI,GS차지비,GS차지비,1544-4279,2,2.02412E+13,2.02412E+13,2.02412E+13,NULL,NULL,7,단독,36,36110,E0,E001,N,NULL,N,NULL,N,NULL,YES,36.5156,127.258,0,0
1602366,MO361101,2,2024-12-31 7:28,2024-12-31 7:28,NULL,1594448,수루배마을1단지,2,세종특별자치시 반곡로 14,NULL,36.498532,127.3078514,24시간 이용가능,MO,매니지온,매니지온,1833-2377,2,2.02501E+13,2.02501E+13,2.02501E+13,NULL,NULL,7,단독,36,36110,H0,H001,Y,NULL,Y,거주자외 출입제한,N,NULL,YES,36.4985,127.308,0,0
1602365,MO361101,1,2024-12-31 7:28,2024-12-31 7:28,NULL,1594447,수루배마을1단지,2,세종특별자치시 반곡로 14,NULL,36.498532,127.3078514,24시간 이용가능,MO,매니지온,매니지온,1833-2377,2,2.02501E+13,2.02501E+13,2.02501E+13,NULL,NULL,7,단독,36,36110,H0,H001,Y,NULL,Y,거주자외 출입제한,N,NULL,YES,36.4985,127.308,0,0
1602364,HW000694,2,2024-12-30 22:12,2024-12-31 7:26,NULL,1594446,세종 새샘마을8단지 지상주차장,2,세종특별자치시 소담8로 22,NULL,36.4874993,127.3005407,24시간 이용가능,HW,한화솔루션,한화솔루션,1533-3464,2,2.02501E+13,2.02412E+13,2.02412E+13,NULL,NULL,7,단독,36,36110,G0,G004,N,NULL,Y,입주민 전용,N,NULL,YES,36.4875,127.301,0,0
1602363,EV010119,1,2024-12-30 18:23,2024-12-30 23:50,NULL,1594445,세종 새샘마을6단지12,2,세종특별자치시 남세종로 302,NULL,36.48190547,127.3039044,24시간 이용가능,EV,에버온,에버온,1661-7766,2,2.02501E+13,2.02412E+13,2.02501E+13,NULL,NULL,7,단독,36,36110,H0,H001,Y,외부인 사용 불가,N,외부인 사용불가,N,NULL,YES,36.4819,127.304,0,0
1602362,EV008012,3,2024-12-30 19:30,2024-12-31 3:12,NULL,1594444,세종 가락마을10단지아파트4,2,세종특별자치시 마음로 181,NULL,36.51484708,127.2280006,24시간 이용가능,EV,에버온,에버온,1661-7766,3,2.02412E+13,2.02412E+13,2.02412E+13,2.02412E+13,NULL,7,단독,36,36110,H0,H001,Y,외부인 사용불가,Y,외부인 사용불가,N,NULL,YES,36.5148,127.228,0,0
1602361,ME20B211,22,2024-12-31 6:49,2024-12-31 6:53,NULL,1594443,명학일반산업단지 관리사무소,4,세종특별자치시 연동면 응암리 916,NULL,36.5412012,127.3364791,24시간 이용가능,ME,환경부,환경부,1661-9408,2,2.02501E+13,2.02412E+13,2.02412E+13,NULL,NULL,200,동시,36,36110,B0,B001,Y,NULL,N,NULL,N,NULL,YES,36.5412,127.336,0,0
1602360,ME18A402,11,2024-12-31 6:37,2024-12-31 7:23,NULL,1594442,보람동 수변공원,4,세종특별자치시 보람동 624-1,NULL,36.481974,127.290825,24시간 이용가능,ME,환경부,환경부,1661-9408,2,2.02501E+13,2.02412E+13,2.02412E+13,NULL,NULL,200,동시,36,36110,D0,D001,Y,NULL,N,NULL,N,NULL,YES,36.482,127.291,0,0
1602359,ME18A001,5,2024-12-31 6:46,2024-12-31 7:28,NULL,1594441,은하수공원,4,"세종특별자치시 연기면 정안세종로 1527 은하수공원, 화장시설 주차장",NULL,36.532123,127.245097,24시간 이용가능,ME,환경부,환경부,031-994-6115 ,2,2.02501E+13,2.02501E+13,2.02501E+13,NULL,NULL,100,동시,36,36110,A0,A004,Y,NULL,N,NULL,N,NULL,YES,36.5321,127.245,0,0
1602358,ME18A001,1,2024-12-31 6:15,2024-12-31 6:29,NULL,1594440,은하수공원,6,"세종특별자치시 연기면 정안세종로 1527 은하수공원, 화장시설 주차장",NULL,36.532123,127.245097,24시간 이용가능,ME,환경부,환경부,031-994-6115 ,2,2.02501E+13,2.02412E+13,2.02412E+13,NULL,NULL,50,단독,36,36110,A0,A004,Y,NULL,N,NULL,N,NULL,YES,36.5321,127.245,0,0
1601159,PW013622,6,2024-12-30 18:51,2024-12-31 5:37,NULL,1593227,첫마을5단지아파트 입주자대표회의,2,세종특별자치시 누리로 59,NULL,36.47516087,127.2490457,24시간 이용가능,PW,파워큐브,파워큐브,1833-8017,2,2.02412E+13,2.02412E+13,2.02412E+13,NULL,NULL,7,단독,36,36110,H0,H001,Y,NULL,Y,거주자외 출입제한,N,NULL,YES,36.4752,127.249,0,0
1601158,PW013119,23,2024-12-30 13:00,2024-12-30 13:15,NULL,1593226,가온마을1단지아파트 입주자대표회의,2,세종특별자치시 다정남로 22,NULL,36.49299528,127.2448033,24시간 이용가능,PW,파워큐브,파워큐브코리아,1833-8017,2,2.02501E+13,2.02501E+13,2.02501E+13,NULL,NULL,7,단독,36,36110,H0,H001,Y,NULL,Y,거주자외 출입제한,N,NULL,YES,36.493,127.245,0,0
1601157,PW000644,2,2024-12-30 20:47,2024-12-30 20:48,NULL,1593225,첫마을5단지-519동,2,세종특별자치시 누리로 59,NULL,36.477366,127.251152,24시간 이용가능,PW,파워큐브,파워큐브,1833-8017,2,2.02412E+13,2.02412E+13,2.02412E+13,NULL,NULL,NULL,NULL,36,36110,H0,H001,Y,NULL,Y,거주자외 출입제한,N,NULL,YES,36.4774,127.251,0,0
1601156,PI711878,2,2024-12-31 0:25,2024-12-31 0:25,NULL,1593224,새샘마을1단지아파트,2,세종특별자치시 남세종로 357,NULL,36.4803151,127.2987969,24시간 이용가능,PI,차지비,GS차지비,1600-4047,3,2.02412E+13,2.02412E+13,2.02412E+13,2.02412E+13,NULL,7,단독,36,36110,H0,H001,Y,NULL,Y,관계자 외 출입제한,N,NULL,YES,36.4803,127.299,0,0
1601155,PI710826,12,2024-12-30 15:52,2024-12-30 15:52,NULL,1593223,세종첫마을3단지아파트,2,세종특별자치시 나리1로 15,NULL,36.4787851,127.2593804,24시간 이용가능,PI,차지비,GS차지비,1600-4047,3,2.02412E+13,2.02412E+13,2.02412E+13,2.02412E+13,NULL,7,단독,36,36110,H0,H001,Y,NULL,Y,관계자 외 출입제한,N,NULL,YES,36.4788,127.259,0,0
1601154,KP003254,1,2024-12-30 19:55,2024-12-31 5:51,NULL,1593222,세종e편한세상,2,세종특별자치시 조치원읍 신안리 542,NULL,36.615581,127.286834,NULL,KP,한국전력공사,한국전기차충전서비스,1899-2100,2,2.02501E+13,2.02412E+13,2.02501E+13,NULL,NULL,NULL,NULL,36,36110,H0,H001,Y,NULL,Y,입주자외 출입제한 (긴급상황 이용가능),N,NULL,YES,36.6156,127.287,0,0
1601153,EP210197,1,2024-12-29 10:12,2024-12-30 8:12,NULL,1593221,세종푸르지오시티1차2,2,세종특별자치시 갈매로 364,NULL,36.4960621,127.2643764,24시간 이용가능,EP,이카플러그,(주)이카플러그,1833-4577,2,2.02501E+13,2.02412E+13,2.02412E+13,NULL,NULL,7,동시,36,36110,G0,G005,Y,NULL,N,NULL,N,NULL,YES,36.4961,127.264,0,0
1601152,CV002118,8,2024-12-30 6:25,2024-12-30 7:15,NULL,1593220,한국개발연구원,4,세종특별자치시 반곡동 203-34,NULL,36.48211932,127.3100697,09:00~18:00,CV,대영채비,대영채비,1522-2573,2,2.02412E+13,2.02412E+13,2.02412E+13,NULL,NULL,200,동시,36,36110,A0,A003,Y,NULL,Y,시설 사용자 외 이용이 제한될 수 있음,N,NULL,YES,36.4821,127.31,0,0
1601151,CV002118,7,2024-12-30 16:21,2024-12-30 17:11,NULL,1593219,한국개발연구원,4,세종특별자치시 반곡동 203-34,NULL,36.48211932,127.3100697,09:00~18:00,CV,대영채비,대영채비,1522-2573,2,2.02412E+13,2.02412E+13,2.02412E+13,NULL,NULL,200,동시,36,36110,A0,A003,Y,NULL,Y,시설 사용자 외 이용이 제한될 수 있음,N,NULL,YES,36.4821,127.31,0,0
1601056,PW000652,3,2024-12-30 19:42,2024-12-31 2:43,NULL,1593122,새뜸마을7단지-712동,2,세종특별자치시 새롬중앙로 89,NULL,36.484526,127.249283,24시간 이용가능,PW,파워큐브,파워큐브,1833-8017,2,2.02501E+13,2.02412E+13,2.02412E+13,NULL,NULL,NULL,NULL,36,36110,H0,H001,Y,NULL,Y,거주자외 출입제한,N,NULL,YES,36.4845,127.249,0,0
1601055,PI751433,6,2024-12-31 3:01,2024-12-31 3:01,NULL,1593121,호려울마을5단지,2,세종특별자치시 남세종로 441,NULL,36.47692952,127.2904553,08:00~20:00,PI,차지비,GS차지비,1600-4047,2,2.02501E+13,2.02501E+13,2.02501E+13,NULL,NULL,7,단독,36,36110,H0,H001,Y,NULL,Y,관계자 외 출입제한,N,NULL,YES,36.4769,127.29,0,0
1601054,MO361101,2,2024-12-31 5:28,2024-12-31 5:28,NULL,1593120,수루배마을1단지,2,세종특별자치시 반곡로 14,NULL,36.498532,127.3078514,24시간 이용가능,MO,매니지온,매니지온,1833-2377,2,2.02501E+13,2.02501E+13,2.02501E+13,NULL,NULL,7,단독,36,36110,H0,H001,Y,NULL,Y,거주자외 출입제한,N,NULL,YES,36.4985,127.308,0,0
1601053,MO361101,1,2024-12-31 5:28,2024-12-31 5:28,NULL,1593119,수루배마을1단지,2,세종특별자치시 반곡로 14,NULL,36.498532,127.3078514,24시간 이용가능,MO,매니지온,매니지온,1833-2377,2,2.02501E+13,2.02501E+13,2.02501E+13,NULL,NULL,7,단독,36,36110,H0,H001,Y,NULL,Y,거주자외 출입제한,N,NULL,YES,36.4985,127.308,0,0
1601052,KP002400,2,2024-12-30 18:52,2024-12-31 5:27,NULL,1593118,가락마을21단지,2,세종특별자치시 고운동 마음안로 221  ,NULL,36.51846984,127.2398395,NULL,KP,한국전력공사,한국전력,NULL,2,2.02412E+13,2.02412E+13,2.02412E+13,NULL,NULL,NULL,NULL,36,36110,H0,H001,Y,NULL,Y,시설 상황에 따라 이용이 제한될 수 있음,N,NULL,YES,36.5185,127.24,0,0
1600648,PW013658,16,2024-12-30 18:10,2024-12-30 22:01,NULL,1592709,도램마을1단지아파트입주자대표회의,2,세종특별자치시 다솜1로 140,NULL,36.51150653,127.2564381,24시간 이용가능,PW,파워큐브,파워큐브,1833-8017,3,2.02412E+13,2.02412E+13,2.02412E+13,2.02412E+13,NULL,7,단독,36,36110,H0,H001,Y,NULL,Y,거주자외 출입제한,N,NULL,YES,36.5115,127.256,0,0
1600647,PI701034,4,2024-12-30 22:28,2024-12-30 22:28,NULL,1592708,세종호려울마을9단지,2,세종특별자치시 남세종로 384,NULL,36.4802203,127.2969248,24시간 이용가능,PI,차지비,GS차지비,1600-4047,3,2.02412E+13,2.02412E+13,2.02412E+13,2.02412E+13,NULL,7,NULL,36,36110,H0,H001,Y,NULL,Y,거주자외 출입제한,N,NULL,YES,36.4802,127.297,0,0
1600646,CV004029,3,2024-12-30 19:24,2024-12-31 4:42,NULL,1592707,새뜸마을2단지아파트,2,세종특별자치시 새롬남로 17,NULL,36.483949,127.24858,24시간 이용가능,CV,채비,채비,1522-2573,2,2.02501E+13,2.02412E+13,2.02412E+13,NULL,NULL,7,단독,36,36110,H0,H001,Y,NULL,Y,입주민 외 이용제한 있을 수 있음,N,NULL,YES,36.4839,127.249,0,0
1600645,CV002118,4,2024-12-27 15:30,2024-12-27 15:43,NULL,1592706,한국개발연구원,4,세종특별자치시 반곡동 203-34,NULL,36.48211932,127.3100697,09:00~18:00,CV,대영채비,대영채비,1522-2573,2,2.02501E+13,2.02412E+13,2.02412E+13,NULL,NULL,200,동시,36,36110,A0,A003,Y,NULL,Y,시설 사용자 외 이용이 제한될 수 있음,N,NULL,YES,36.4821,127.31,0,0
1600644,CV002118,3,2024-12-30 9:56,2024-12-30 10:32,NULL,1592705,한국개발연구원,4,세종특별자치시 반곡동 203-34,NULL,36.48211932,127.3100697,09:00~18:00,CV,대영채비,대영채비,1522-2573,2,2.02501E+13,2.02412E+13,2.02412E+13,NULL,NULL,200,동시,36,36110,A0,A003,Y,NULL,Y,시설 사용자 외 이용이 제한될 수 있음,N,NULL,YES,36.4821,127.31,0,0
1600643,CV001040,1,2024-12-30 22:55,2024-12-31 4:41,NULL,1592704,세종남부경찰서,2,세종특별자치시 시청대로 190,NULL,36.480951,127.292715,24시간 이용가능,CV,대영채비,대영채비(주),1522-2573,2,2.02501E+13,2.02412E+13,2.02501E+13,NULL,NULL,7,단독,36,36110,A0,A001,Y,NULL,N,NULL,N,NULL,NO,36.4809,127.293,0,0
1600642,CV000692,1,2024-12-30 8:53,2024-12-30 17:07,NULL,1592703,3생활권 광역복지센터,2,세종특별자치시 한누리대로 2107,NULL,36.47929,127.292558,09:00~18:00,CV,대영채비,대영채비(주),1522-2573,2,2.02412E+13,2.02412E+13,2.02412E+13,NULL,NULL,NULL,NULL,36,36000,A0,A002,Y,NULL,N,NULL,N,NULL,YES,36.4793,127.293,0,0
1600392,SF002352,8,2024-12-30 22:33,2024-12-31 4:22,NULL,1592445,나릿재마을5단지 (완속충전기),2,세종특별자치시 나성북1로 23,NULL,36.4928346,127.2574456,24시간 이용가능,SF,스타코프,스타코프스타코프,02-1833-4903,3,2.02501E+13,2.02501E+13,2.02412E+13,2.02501E+13,NULL,11,단독,36,36110,H0,H001,N,NULL,N,해당 시설 정책에 따라 이용이 불가할 수 있습니다,N,NULL,YES,36.4928,127.257,0,0
1600391,CV002083,2,2024-12-27 21:42,2024-12-27 22:32,NULL,1592444,어진동복합커뮤니티센터,4,세종특별자치시 다솜1로 31,NULL,36.50214785,127.2569372,09:00~18:00,CV,대영채비,대영채비,1522-2573,2,2.02501E+13,2.02412E+13,2.02412E+13,NULL,NULL,200,동시,36,36110,A0,A002,Y,NULL,N,NULL,N,NULL,YES,36.5021,127.257,0,0
1600390,CV002083,1,2024-12-30 3:49,2024-12-30 4:23,NULL,1592443,어진동복합커뮤니티센터,4,세종특별자치시 다솜1로 31,NULL,36.50214785,127.2569372,09:00~18:00,CV,대영채비,대영채비,1522-2573,2,2.02501E+13,2.02412E+13,2.02412E+13,NULL,NULL,200,동시,36,36110,A0,A002,Y,NULL,N,NULL,N,NULL,YES,36.5021,127.257,0,0
1600389,CV001133,13,2024-12-30 16:23,2024-12-30 18:32,NULL,1592442,홈플러스 세종점,4,세종특별자치시 절재로 154,NULL,36.507392,127.258801,10:00~24:00,CV,채비,채비,1522-2573,2,2.02501E+13,2.02412E+13,2.02412E+13,NULL,NULL,30,단독,36,36110,E0,E001,N,NULL,N,NULL,N,NULL,NO,36.5074,127.259,0,0
1600388,AM900034,1,2024-12-29 12:12,2024-12-29 1:12,NULL,1592441,세종다산마을 급속충전소,4,세종특별자치시 한누리대로 511,NULL,36.5094832,127.2605887,24시간 이용가능,AM,아마노코리아,아마노코리아,1833-4577,2,2.02412E+13,2.02412E+13,2.02412E+13,NULL,NULL,100,동시,36,36110,H0,H001,N,시설 상황에 따라 이용이 제한될 수 있음,N,시설 상황에 따라 이용이 제한될 수 있음,N,NULL,YES,36.5095,127.261,0,0
1600283,MO361101,2,2024-12-31 4:00,2024-12-31 4:00,NULL,1592335,수루배마을1단지,2,세종특별자치시 반곡로 14,NULL,36.498532,127.3078514,24시간 이용가능,MO,매니지온,매니지온,1833-2377,2,2.02501E+13,2.02501E+13,2.02501E+13,NULL,NULL,7,단독,36,36110,H0,H001,Y,NULL,Y,거주자외 출입제한,N,NULL,YES,36.4985,127.308,0,0
1600282,MO361101,1,2024-12-31 4:00,2024-12-31 4:00,NULL,1592334,수루배마을1단지,2,세종특별자치시 반곡로 14,NULL,36.498532,127.3078514,24시간 이용가능,MO,매니지온,매니지온,1833-2377,2,2.02501E+13,2.02501E+13,2.02501E+13,NULL,NULL,7,단독,36,36110,H0,H001,Y,NULL,Y,거주자외 출입제한,N,NULL,YES,36.4985,127.308,0,0
1600281,EV000991,3,2024-12-30 20:28,2024-12-31 4:01,NULL,1592333,세종시 호려울마을1단지 2,2,"세종특별자치시 남세종로 503 (보람동, 호려울마을1단지)",NULL,36.47460424,127.2864357,"24시간 이용가능,입주민만 사용가능 거주자외출입제한",EV,에버온,에버온,1661-7766,2,2.02501E+13,2.02412E+13,2.02501E+13,NULL,NULL,NULL,NULL,36,36000,H0,H001,Y,입주민만 사용가능 거주자외 출입제한,N,NULL,N,NULL,YES,36.4746,127.286,0,0
1600280,CV002303,2,2024-12-30 14:35,2024-12-30 15:10,NULL,1592332,새롬종합복지센터,4,세종특별자치시 새롬로 14,NULL,36.4868216,127.2563753,09:00~18:00,CV,대영채비,대영채비,1522-2573,2,2.02501E+13,2.02501E+13,2.02501E+13,NULL,NULL,200,동시,36,36110,I0,I006,Y,NULL,N,NULL,N,NULL,YES,36.4868,127.256,0,0
1600279,CV002303,1,2024-12-30 12:34,2024-12-30 12:59,NULL,1592331,새롬종합복지센터,4,세종특별자치시 새롬로 14,NULL,36.4868216,127.2563753,09:00~18:00,CV,대영채비,대영채비,1522-2573,2,2.02501E+13,2.02412E+13,2.02412E+13,NULL,NULL,200,동시,36,36110,I0,I006,Y,NULL,N,NULL,N,NULL,YES,36.4868,127.256,0,0
1600278,CV002162,2,2024-12-31 0:49,2024-12-31 1:19,NULL,1592330,종촌종합복지센터,4,세종특별자치시 도움1로 116,NULL,36.50236448,127.2467059,09:00~18:00,CV,대영채비,대영채비,1522-2573,2,2.02501E+13,2.02501E+13,2.02501E+13,NULL,NULL,200,동시,36,36110,I0,I006,Y,NULL,N,NULL,N,NULL,YES,36.5024,127.247,0,0
1600277,CV002162,1,2024-12-29 15:00,2024-12-29 15:57,NULL,1592329,종촌종합복지센터,4,세종특별자치시 도움1로 116,NULL,36.50236448,127.2467059,09:00~18:00,CV,대영채비,대영채비,1522-2573,2,2.02501E+13,2.02412E+13,2.02412E+13,NULL,NULL,200,동시,36,36110,I0,I006,Y,NULL,N,NULL,N,NULL,YES,36.5024,127.247,0,0
1600276,ME19B214,22,2024-12-30 21:15,2024-12-30 21:55,NULL,1592328,도담동 싱싱장터주차장,4,세종특별자치시 보듬6로 16,NULL,36.51488,127.259394,24시간 이용가능,ME,환경부,환경부,1661-9408,2,2.02501E+13,2.02412E+13,2.02412E+13,NULL,NULL,200,동시,36,36110,E0,E001,N,NULL,N,NULL,N,NULL,NO,36.5149,127.259,0,0
1600001,PW013225,5,2024-12-30 22:47,2024-12-31 1:48,NULL,1592050,가재마을5단지현대엠코입주자대표회의,2,세종특별자치시 도움1로 105,NULL,36.50150973,127.24561,24시간 이용가능,PW,파워큐브,파워큐브코리아,1833-8017,3,2.02412E+13,2.02412E+13,2.02412E+13,2.02412E+13,NULL,7,단독,36,36110,H0,H001,Y,NULL,Y,거주자외 출입제한,N,NULL,YES,36.5015,127.246,0,0
1600000,PIH00514,14,2024-12-31 2:23,2024-12-31 2:23,NULL,1592049,가온마을3단지아파트,2,세종특별자치시 다정북로 109,NULL,36.496557,127.2422971,24시간 이용가능,PI,GS차지비,GS차지비,1544-4279,2,2.02501E+13,2.02501E+13,2.02501E+13,NULL,NULL,7,단독,36,36110,H0,H001,Y,NULL,Y,해당 시설 정책에 따라 이용이 불가 할 수 있습니다.,N,NULL,YES,36.4966,127.242,0,0
1599999,KP000859,2,2024-12-30 19:37,2024-12-31 3:18,NULL,1592048,도램마을20단지,2,세종특별자치시  도담동 보람로 96,NULL,36.51782336,127.2626842,24시간,KP,한국전력공사,한국전력,NULL,2,2.02501E+13,2.02412E+13,2.02501E+13,NULL,NULL,NULL,NULL,36,36110,H0,H001,Y,NULL,Y,시설 상황에 따라 이용이 제한될 수 있음,N,NULL,YES,36.5178,127.263,0,0
1599998,EV001939,3,2024-12-30 22:02,2024-12-31 3:20,NULL,1592047,세종 첫마을아파트4단지,2,"세종특별자치시 누리로 119 (한솔동, 첫마을4단지)",NULL,36.480905,127.2527753,"24시간 이용가능,입주민만 사용가능 거주자외출입제한",EV,에버온,에버온,1661-7766,2,2.02501E+13,2.02501E+13,2.02501E+13,NULL,NULL,NULL,NULL,36,36000,H0,H001,Y,입주민만 사용가능 거주자외 출입제한,N,NULL,N,NULL,YES,36.4809,127.253,0,0
1599997,CV002117,2,2024-12-06 22:35,2024-12-06 22:55,NULL,1592046,한국개발연구원 게스트하우스,4,세종특별자치시 남세종로 254,NULL,36.4829665,127.3111185,24시간 이용가능,CV,대영채비,대영채비,1522-2573,2,2.02501E+13,2.02412E+13,2.02412E+13,NULL,NULL,200,동시,36,36110,A0,A003,Y,NULL,Y,시설 사용자 외 이용이 제한될 수 있음,N,NULL,YES,36.483,127.311,0,0
1599996,CV002117,1,2024-12-22 11:55,2024-12-22 12:22,NULL,1592045,한국개발연구원 게스트하우스,4,세종특별자치시 남세종로 254,NULL,36.4829665,127.3111185,24시간 이용가능,CV,대영채비,대영채비,1522-2573,2,2.02501E+13,2.02412E+13,2.02412E+13,NULL,NULL,200,동시,36,36110,A0,A003,Y,NULL,Y,시설 사용자 외 이용이 제한될 수 있음,N,NULL,YES,36.483,127.311,0,0
1599995,ME18A214,12,2024-12-31 1:50,2024-12-31 2:30,NULL,1592044,원수산 아래 BMX경기장,4,세종특별자치시 연기면 세종리 659-30,NULL,36.522604,127.267463,24시간 이용가능,ME,환경부,환경부,1661-9408,2,2.02501E+13,2.02501E+13,2.02501E+13,NULL,NULL,200,동시,36,36110,J0,J007,Y,NULL,N,NULL,N,NULL,YES,36.5226,127.267,0,0
1599631,HW001073,24,2024-12-31 0:56,2024-12-31 2:16,NULL,1591676,세종 누리동 공영버스 차고지,13,세종특별자치시 갈매로 1008,NULL,36.5269156,127.2969391,00:00 ~ 23:59,HW,한화솔루션,한화솔루션,1533-3464,2,2.02501E+13,2.02412E+13,2.02412E+13,NULL,NULL,120,동시,36,36110,H0,H001,N,NULL,Y,입주민 전용,N,NULL,NO,36.5269,127.297,0,0
1599630,EV006153,3,2024-12-30 20:50,2024-12-31 2:13,NULL,1591675,세종 두진리버빌아파트,2,세종특별자치시 금남면 용포2길 70,NULL,36.46326973,127.2797064,24시간 이용가능,EV,에버온,에버온,1661-7766,2,2.02412E+13,2.02412E+13,2.02412E+13,NULL,NULL,7,단독,36,36110,H0,H001,N,외부인 사용불가,N,외부인 사용불가,N,NULL,YES,36.4633,127.28,0,0
1599629,CV002118,6,2024-12-30 13:08,2024-12-30 13:50,NULL,1591674,한국개발연구원,4,세종특별자치시 반곡동 203-34,NULL,36.48211932,127.3100697,09:00~18:00,CV,대영채비,대영채비,1522-2573,2,2.02501E+13,2.02412E+13,2.02412E+13,NULL,NULL,200,동시,36,36110,A0,A003,Y,NULL,Y,시설 사용자 외 이용이 제한될 수 있음,N,NULL,YES,36.4821,127.31,0,0
1599628,CV002118,5,2024-12-27 22:53,2024-12-27 23:17,NULL,1591673,한국개발연구원,4,세종특별자치시 반곡동 203-34,NULL,36.48211932,127.3100697,09:00~18:00,CV,대영채비,대영채비,1522-2573,2,2.02501E+13,2.02412E+13,2.02412E+13,NULL,NULL,200,동시,36,36110,A0,A003,Y,NULL,Y,시설 사용자 외 이용이 제한될 수 있음,N,NULL,YES,36.4821,127.31,0,0
1599627,ME22C137,1,2024-12-30 12:58,2024-12-30 13:03,NULL,1591671,정부세종청사 8동 주차장,4,세종특별자치시 도움5로 19,NULL,36.5046733,127.2586111,24시간 이용가능,ME,환경부,환경부,1661-9408,2,2.02501E+13,2.02412E+13,2.02412E+13,NULL,NULL,100,단독,36,36110,A0,A003,Y,NULL,N,NULL,N,NULL,YES,36.5047,127.259,0,0
1599626,ME19F403,4,2024-12-30 21:46,2024-12-30 22:12,NULL,1591670,세종중앙공원주차장2,4,세종특별자치시 연기면 수목원로 136,NULL,36.49897513,127.2831925,24시간 이용가능,ME,환경부,환경부,1661-9408,2,2.02501E+13,2.02412E+13,2.02412E+13,NULL,NULL,100,단독,36,36110,B0,B002,Y,NULL,N,NULL,N,NULL,YES,36.499,127.283,0,0
1599625,ME19F208,2,2024-12-30 7:49,2024-12-30 8:29,NULL,1591669,세종중앙공원주차장,4,세종특별자치시 연기면 세종리 548-88,NULL,36.49110627,127.2698179,24시간 이용가능,ME,환경부,환경부,1661-9408,2,2.02501E+13,2.02412E+13,2.02412E+13,NULL,NULL,100,단독,36,36110,B0,B002,Y,NULL,N,NULL,N,NULL,NO,36.4911,127.27,0,0
1598120,HW001073,14,2024-12-30 22:55,2024-12-30 23:36,NULL,1590150,세종 누리동 공영버스 차고지,13,세종특별자치시 갈매로 1008,NULL,36.5269156,127.2969391,00:00 ~ 23:59,HW,한화솔루션,한화솔루션,1533-3464,2,2.02501E+13,2.02501E+13,2.02501E+13,NULL,NULL,120,동시,36,36110,H0,H001,N,NULL,Y,입주민 전용,N,NULL,YES,36.5269,127.297,0,0
1598119,HW000694,1,2024-12-30 19:08,2024-12-30 23:37,NULL,1590149,세종 새샘마을8단지 지상주차장,2,세종특별자치시 소담8로 22,NULL,36.4874993,127.3005407,24시간 이용가능,HW,한화솔루션,한화솔루션,1533-3464,2,2.02412E+13,2.02412E+13,2.02412E+13,NULL,NULL,7,단독,36,36110,G0,G004,N,NULL,Y,입주민 전용,N,NULL,YES,36.4875,127.301,0,0
1598118,HM000532,1,2024-12-30 17:30,2024-12-30 23:39,NULL,1590148,조형아파트,2,세종특별자치시 조치원읍 운주산로 60,NULL,36.63453922,127.2890803,24시간 이용가능,HM,휴맥스이브이,HUMAX EV,1800-3188,3,2.02501E+13,2.02412E+13,2.02412E+13,2.02501E+13,NULL,7,단독,36,36110,H0,H001,N,NULL,Y,NULL,N,NULL,YES,36.6345,127.289,0,0
1598117,EV005653,5,2024-12-30 19:02,2024-12-30 23:35,NULL,1590147,세종 첫마을2단지아파트,2,세종특별자치시 노을1로 16,NULL,36.48085465,127.2606159,24시간 이용가능,EV,에버온,에버온,1661-7766,2,2.02501E+13,2.02412E+13,2.02501E+13,NULL,NULL,7,단독,36,36110,H0,H001,Y,외부인 사용불가,N,외부인 사용불가,N,NULL,YES,36.4809,127.261,0,0
1598116,ME20B211,21,2024-12-30 22:29,2024-12-30 23:09,NULL,1590146,명학일반산업단지 관리사무소,4,세종특별자치시 연동면 응암리 916,NULL,36.5412012,127.3364791,24시간 이용가능,ME,환경부,환경부,1661-9408,2,2.02501E+13,2.02412E+13,2.02412E+13,NULL,NULL,200,동시,36,36110,B0,B001,Y,NULL,N,NULL,N,NULL,YES,36.5412,127.336,0,0
1598115,ME19B214,21,2024-12-30 15:52,2024-12-30 16:32,NULL,1590145,도담동 싱싱장터주차장,4,세종특별자치시 보듬6로 16,NULL,36.51488,127.259394,24시간 이용가능,ME,환경부,환경부,1661-9408,2,2.02501E+13,2.02501E+13,2.02501E+13,NULL,NULL,200,동시,36,36110,E0,E001,N,NULL,N,NULL,N,NULL,YES,36.5149,127.259,0,0
1598114,ME18A214,12,2024-12-30 21:23,2024-12-30 22:06,NULL,1590144,원수산 아래 BMX경기장,4,세종특별자치시 연기면 세종리 659-30,NULL,36.522604,127.267463,24시간 이용가능,ME,환경부,환경부,1661-9408,2,2.02501E+13,2.02501E+13,2.02501E+13,NULL,NULL,200,동시,36,36110,J0,J007,Y,NULL,N,NULL,N,NULL,YES,36.5226,127.267,0,0
1598113,ME18A214,11,2024-12-30 20:09,2024-12-30 20:43,NULL,1590143,원수산 아래 BMX경기장,4,세종특별자치시 연기면 세종리 659-30,NULL,36.522604,127.267463,24시간 이용가능,ME,환경부,환경부,1661-9408,2,2.02501E+13,2.02412E+13,2.02412E+13,NULL,NULL,200,동시,36,36110,J0,J007,Y,NULL,N,NULL,N,NULL,YES,36.5226,127.267,0,0
1597366,PW013225,3,2024-12-29 18:24,2024-12-30 5:25,NULL,1589391,가재마을5단지현대엠코입주자대표회의,2,세종특별자치시 도움1로 105,NULL,36.50150973,127.24561,24시간 이용가능,PW,파워큐브,파워큐브코리아,1833-8017,3,2.02412E+13,2.02412E+13,2.02412E+13,2.02412E+13,NULL,7,단독,36,36110,H0,H001,Y,NULL,Y,거주자외 출입제한,N,NULL,YES,36.5015,127.246,0,0
1597365,PW000891,1,2024-12-30 17:31,2024-12-30 22:46,NULL,1589390,세종고운뜰PARK 가락마을8단지,2,세종특별자치시 만남로 92,NULL,36.507126,127.240288,24시간 이용가능,PW,파워큐브,파워큐브,1833-8017,2,2.02412E+13,2.02412E+13,2.02412E+13,NULL,NULL,NULL,NULL,36,36110,H0,H001,Y,NULL,Y,거주자외 출입제한,N,NULL,YES,36.5071,127.24,0,0
1597364,PI711878,27,2024-12-30 19:53,2024-12-30 19:53,NULL,1589389,새샘마을1단지아파트,2,세종특별자치시 남세종로 357,NULL,36.4803151,127.2987969,24시간 이용가능,PI,차지비,GS차지비,1600-4047,3,2.02412E+13,2.02412E+13,2.02412E+13,2.02412E+13,NULL,7,단독,36,36110,H0,H001,Y,NULL,Y,관계자 외 출입제한,N,NULL,YES,36.4803,127.299,0,0
1597363,EV010121,3,2024-12-30 19:36,2024-12-30 22:46,NULL,1589388,세종 새샘마을6단지14,2,세종특별자치시 남세종로 302,NULL,36.48411973,127.3031486,24시간 이용가능,EV,에버온,에버온,1661-7766,2,2.02501E+13,2.02412E+13,2.02501E+13,NULL,NULL,7,단독,36,36110,H0,H001,Y,외부인 사용 불가,N,외부인 사용불가,N,NULL,NO,36.4841,127.303,0,0
1597362,ME21B248,1,2024-12-30 9:15,2024-12-30 9:36,NULL,1589387,세종전통시장주차타워,4,세종특별자치시 조치원읍 조치원6길 38 ,NULL,36.5997329,127.2995657,24시간 이용가능,ME,환경부,환경부,1661-9408,2,2.02501E+13,2.02412E+13,2.02412E+13,NULL,NULL,100,단독,36,36110,B0,B004,N,NULL,N,NULL,N,NULL,NO,36.5997,127.3,0,0
1597361,ME19F403,1,2024-12-30 21:38,2024-12-30 22:15,NULL,1589386,세종중앙공원주차장2,4,세종특별자치시 연기면 수목원로 136,NULL,36.49897513,127.2831925,24시간 이용가능,ME,환경부,환경부,1661-9408,2,2.02501E+13,2.02412E+13,2.02412E+13,NULL,NULL,100,단독,36,36110,B0,B002,Y,NULL,N,NULL,N,NULL,YES,36.499,127.283,0,0
1597360,HW000613,3,2024-12-30 16:53,2024-12-30 22:43,NULL,1589385,세종 e편한세상 아파트 B2F,2,세종특별자치시 조치원읍 섭골길 59,NULL,36.6156263,127.2842396,24시간 이용가능,HW,한화솔루션,한화솔루션,1533-3464,2,2.02412E+13,2.02412E+13,2.02412E+13,NULL,NULL,7,단독,36,36110,G0,G004,N,NULL,Y,입주민 전용,N,NULL,YES,36.6156,127.284,0,0
1597359,EV000060,1,2024-12-30 17:19,2024-12-30 20:25,NULL,1589384,세종 센트럴시티아파트(208동),2,"세종특별자치시 갈매로 480 (어진동, 한뜰마을2단지)",NULL,36.50557643,127.2692645,"24시간 이용가능,입주민만 사용가능 거주자외출입제한",EV,에버온,에버온,1661-7766,3,2.02412E+13,2.02412E+13,2.02412E+13,2.02412E+13,NULL,NULL,NULL,36,36000,H0,H001,Y,입주민만 사용가능 거주자외 출입제한,N,NULL,N,NULL,YES,36.5056,127.269,0,0
1597358,ME23B129,1,2024-12-30 21:39,2024-12-30 21:48,NULL,1589383,세종시립도서관,6,세종특별자치시 고운동 2103,NULL,36.5104933,127.2397304,24시간 개방,ME,환경부,환경부,044-301-4316,2,2.02501E+13,2.02412E+13,2.02412E+13,NULL,NULL,100,단독,36,36110,I0,I005,Y,NULL,N,NULL,N,NULL,YES,36.5105,127.24,0,0
1597357,ME19F403,3,2024-12-30 12:21,2024-12-30 13:01,NULL,1589382,세종중앙공원주차장2,4,세종특별자치시 연기면 수목원로 136,NULL,36.49897513,127.2831925,24시간 이용가능,ME,환경부,환경부,1661-9408,2,2.02501E+13,2.02412E+13,2.02412E+13,NULL,NULL,100,단독,36,36110,B0,B002,Y,NULL,N,NULL,N,NULL,NO,36.499,127.283,0,0
1594654,PW100036,16,2024-12-30 17:44,2024-12-30 19:35,NULL,1586655,첫마을5단지,2,세종특별자치시 누리로 59,NULL,36.47516087,127.2490457,24시간 이용가능,PW,파워큐브,파워큐브,1833-8017,2,2.02501E+13,2.02412E+13,2.02412E+13,NULL,NULL,7,단독,36,36110,H0,H001,Y,NULL,Y,거주자외 출입제한,N,NULL,YES,36.4752,127.249,0,0
1594653,PW010629,2,2024-12-30 13:52,2024-12-30 19:38,NULL,1586654,새뜸마을14단지아파트,2,세종특별자치시 새롬로 56,NULL,36.48917496,127.2555297,24시간 이용가능,PW,파워큐브,파워큐브,1833-8017,2,2.02501E+13,2.02412E+13,2.02412E+13,NULL,NULL,NULL,NULL,36,36000,H0,H001,Y,NULL,Y,거주자외 출입제한,N,NULL,YES,36.4892,127.256,0,0
1594652,KP003176,1,2024-12-30 17:16,2024-12-30 19:27,NULL,1586653,도램마을1단지아파트,6,세종특별자치시 도담동 845,NULL,36.510645,127.256778,NULL,KP,한국전력공사,한국전기차충전서비스,1899-2100,2,2.02412E+13,2.02412E+13,2.02412E+13,NULL,NULL,NULL,NULL,36,36110,H0,H001,Y,NULL,Y,입주자외 출입제한 (긴급상황 이용가능),N,NULL,YES,36.5106,127.257,0,0
1594651,HM001006,30,2024-12-30 13:20,2024-12-30 19:34,NULL,1586652,해밀마을2단지 세종마스터힐스,2,세종특별자치시 해밀3로 90,NULL,36.53079075,127.2690775,24시간 이용가능,HM,휴맥스이브이,휴맥스이브이,1800-3188,2,2.02501E+13,2.02412E+13,2.02501E+13,NULL,NULL,7,단독,36,36110,H0,H001,Y,거주자외 사용불가,Y,NULL,N,NULL,YES,36.5308,127.269,0,0
1594650,EV000736,2,2024-12-30 19:04,2024-12-30 19:35,NULL,1586651,세종시 호려울마을1단지 1,2,"세종특별자치시 남세종로 503 (보람동, 호려울마을1단지)",NULL,36.47464684,127.2855823,"24시간 이용가능,입주민만 사용가능 거주자외출입제한",EV,에버온,에버온,1661-7766,2,2.02412E+13,2.02412E+13,2.02412E+13,NULL,NULL,NULL,NULL,36,36000,H0,H001,Y,입주민만 사용가능 거주자외 출입제한,N,NULL,N,NULL,YES,36.4746,127.286,0,0
1594649,EC000868,1,2024-12-30 17:57,2024-12-30 19:36,NULL,1586650,새샘마을9단지,2,세종특별자치시 국책연구원1로 15,NULL,36.48919994,127.30155,24시간 이용가능,EC,이지차저,이지차저,1544-3332,2,2.02412E+13,2.02412E+13,2.02412E+13,NULL,NULL,7,단독,36,36110,H0,H001,Y,관리 시설에 따른 이용 제한이 있을 수 있음,N,NULL,N,NULL,YES,36.4892,127.302,0,0
1594648,ME20B211,21,2024-12-30 18:26,2024-12-30 18:54,NULL,1586649,명학일반산업단지 관리사무소,4,세종특별자치시 연동면 응암리 916,NULL,36.5412012,127.3364791,24시간 이용가능,ME,환경부,환경부,1661-9408,2,2.02501E+13,2.02412E+13,2.02412E+13,NULL,NULL,200,동시,36,36110,B0,B001,Y,NULL,N,NULL,N,NULL,YES,36.5412,127.336,0,0
1594647,ME18A214,12,2024-12-30 18:15,2024-12-30 18:31,NULL,1586648,원수산 아래 BMX경기장,4,세종특별자치시 연기면 세종리 659-30,NULL,36.522604,127.267463,24시간 이용가능,ME,환경부,환경부,1661-9408,2,2.02501E+13,2.02501E+13,2.02501E+13,NULL,NULL,200,동시,36,36110,J0,J007,Y,NULL,N,NULL,N,NULL,YES,36.5226,127.267,0,0
1594646,ME18A001,1,2024-12-30 19:08,2024-12-30 19:33,NULL,1586647,은하수공원,6,"세종특별자치시 연기면 정안세종로 1527 은하수공원, 화장시설 주차장",NULL,36.532123,127.245097,24시간 이용가능,ME,환경부,환경부,031-994-6115 ,2,2.02501E+13,2.02412E+13,2.02412E+13,NULL,NULL,50,단독,36,36110,A0,A004,Y,NULL,N,NULL,N,NULL,YES,36.5321,127.245,0,0
1593697,PW011651,2,2024-12-30 14:10,2024-12-30 18:27,NULL,1585693,새뜸마을4단지 입주자대표회의-2,2,세종특별자치시 새롬북로 13,NULL,36.48650538,127.2458755,24시간 이용가능,PW,파워큐브,파워큐브,1833-8017,3,2.02412E+13,2.02412E+13,2.02412E+13,2.02412E+13,NULL,NULL,NULL,36,36000,H0,H001,Y,NULL,Y,거주자외 출입제한,N,NULL,YES,36.4865,127.246,0,0
1593696,MO361101,2,2024-12-30 18:28,2024-12-30 18:28,NULL,1585692,수루배마을1단지,2,세종특별자치시 반곡로 14,NULL,36.498532,127.3078514,24시간 이용가능,MO,매니지온,매니지온,1833-2377,2,2.02501E+13,2.02501E+13,2.02501E+13,NULL,NULL,7,단독,36,36110,H0,H001,Y,NULL,Y,거주자외 출입제한,N,NULL,YES,36.4985,127.308,0,0
1593695,KP004575,1,2024-12-30 18:13,2024-12-30 18:28,NULL,1585691,보람동행정복지센터,4,세종특별자치시 한누리대로 2107,NULL,36.4789,127.2903,24시간 이용가능,KP,한국전력공사,한국전력,1899-2100,2,2.02501E+13,2.02501E+13,2.02501E+13,NULL,NULL,100,단독,36,36110,A0,A002,Y,NULL,N,NULL,N,NULL,YES,36.4789,127.29,0,0
1593694,JA360002,5,2024-12-30 17:10,2024-12-30 18:28,NULL,1585690,홈플러스 조치원점,4,세종특별자치시 조치원읍 허만석로 60,NULL,36.58618683,127.297516,10:00 ~ 22:00,JA,이브이시스,이브이시스,1577-1556,2,2.02412E+13,2.02412E+13,2.02412E+13,NULL,NULL,30,단독,36,36110,E0,E001,N,NULL,N,NULL,N,NULL,YES,36.5862,127.298,0,0
1593693,HW001073,10,2024-12-30 17:56,2024-12-30 18:26,NULL,1585689,세종 누리동 공영버스 차고지,13,세종특별자치시 갈매로 1008,NULL,36.5269156,127.2969391,00:00 ~ 23:59,HW,한화솔루션,한화솔루션,1533-3464,3,2.02501E+13,2.02501E+13,2.02501E+13,2.02501E+13,NULL,120,동시,36,36110,H0,H001,N,NULL,Y,입주민 전용,N,NULL,YES,36.5269,127.297,0,0
1593692,HM000915,5,2024-12-30 7:40,2024-12-30 14:23,NULL,1585688,정부세종청사 8동,2,세종특별자치시 도움5로 19,NULL,36.50472798,127.259204,24시간 이용가능,HM,휴맥스이브이,휴맥스이브이,1800-3188,2,2.02412E+13,2.02412E+13,2.02412E+13,NULL,NULL,7,단독,36,36110,A0,A003,N,NULL,Y,보안구역으로 출입이 제한됨,N,NULL,YES,36.5047,127.259,0,0
1593691,HE000634,2,2024-12-30 17:42,2024-12-30 18:27,NULL,1585687,코스트코 세종점,2,세종특별자치시 종합운동장1로 14,NULL,36.467122,127.269885,24시간 이용가능,HE,한국전기차충전서비스,한국전기차충전서비스,1522-1782,3,2.02412E+13,2.02412E+13,2.02412E+13,2.02412E+13,NULL,NULL,NULL,36,36110,E0,E001,Y,NULL,N,NULL,N,NULL,NO,36.4671,127.27,0,0
1593690,BT100003,2,2024-12-30 15:57,2024-12-30 18:28,NULL,1585686,몰디브상가,2,세종특별자치시 도움1로 108,NULL,36.5025906,127.2475653,24시간 이용가능,BT,보타리에너지,(주)보타리에너지,1588-5339,2,2.02412E+13,2.02412E+13,2.02412E+13,NULL,NULL,7,단독,36,36110,A0,A004,N,NULL,N,NULL,N,NULL,YES,36.5026,127.248,0,0
1593689,ME23B129,1,2024-12-30 14:26,2024-12-30 14:41,NULL,1585685,세종시립도서관,6,세종특별자치시 고운동 2103,NULL,36.5104933,127.2397304,24시간 개방,ME,환경부,환경부,044-301-4316,2,2.02501E+13,2.02412E+13,2.02412E+13,NULL,NULL,100,단독,36,36110,I0,I005,Y,NULL,N,NULL,N,NULL,YES,36.5105,127.24,0,0
1593688,ME19E510,1,2024-12-30 15:40,2024-12-30 15:43,NULL,1585684,정부세종청사 문화체육관광부,4,세종특별자치시 갈매로 388(어진동),NULL,36.49741,127.265079,24시간 이용가능,ME,환경부,환경부,1661-9408,2,2.02501E+13,2.02412E+13,2.02412E+13,NULL,NULL,100,단독,36,36110,A0,A001,Y,NULL,N,NULL,N,NULL,YES,36.4974,127.265,0,0
1593687,ME19B182,1,2024-12-30 10:51,2024-12-30 10:59,NULL,1585683,세종청사4동 기획재정부,4,세종특별자치시 갈매로 477,NULL,36.506093,127.265568,24시간 이용가능,ME,환경부,환경부,1661-9408,2,2.02501E+13,2.02501E+13,2.02501E+13,NULL,NULL,100,단독,36,36110,A0,A001,Y,NULL,N,NULL,N,NULL,YES,36.5061,127.266,0,0
1593686,ME18A514,1,2024-12-30 10:28,2024-12-30 10:41,NULL,1585682,새롬동 복합커뮤니티 센터,6,세종특별자치시 새롬동 341-72,NULL,36.485399,127.251677,24시간 이용가능,ME,환경부,환경부,1661-9408,2,2.02501E+13,2.02501E+13,2.02501E+13,NULL,NULL,100,단독,36,36110,A0,A002,Y,NULL,N,NULL,N,NULL,YES,36.4854,127.252,0,0
1593685,ME18A402,13,2024-12-30 17:09,2024-12-30 17:33,NULL,1585681,보람동 수변공원,4,세종특별자치시 보람동 624-1,NULL,36.481974,127.290825,24시간 이용가능,ME,환경부,환경부,1661-9408,2,2.02501E+13,2.02412E+13,2.02412E+13,NULL,NULL,200,동시,36,36110,D0,D001,Y,NULL,N,NULL,N,NULL,YES,36.482,127.291,0,0
1593684,ME18A215,12,2024-12-30 17:12,2024-12-30 17:57,NULL,1585680,LH 세종본부,4,세종특별자치시 가름로 238-1,NULL,36.494692,127.26536,24시간 이용가능,ME,환경부,환경부,1661-9408,2,2.02501E+13,2.02412E+13,2.02412E+13,NULL,NULL,200,동시,36,36110,H0,H003,Y,NULL,N,NULL,N,NULL,YES,36.4947,127.265,0,0
1593683,ME18A001,5,2024-12-30 14:41,2024-12-30 15:02,NULL,1585679,은하수공원,4,"세종특별자치시 연기면 정안세종로 1527 은하수공원, 화장시설 주차장",NULL,36.532123,127.245097,24시간 이용가능,ME,환경부,환경부,031-994-6115 ,2,2.02501E+13,2.02501E+13,2.02501E+13,NULL,NULL,100,동시,36,36110,A0,A004,Y,NULL,N,NULL,N,NULL,YES,36.5321,127.245,0,0
1593682,ME18A001,3,2024-12-30 17:35,2024-12-30 17:43,NULL,1585678,은하수공원,4,"세종특별자치시 연기면 정안세종로 1527 은하수공원, 화장시설 주차장",NULL,36.532123,127.245097,24시간 이용가능,ME,환경부,환경부,031-994-6115 ,2,2.02501E+13,2.02501E+13,2.02501E+13,NULL,NULL,100,동시,36,36110,A0,A004,Y,NULL,N,NULL,N,NULL,YES,36.5321,127.245,0,0
1593681,ME18A001,1,2024-12-30 17:41,2024-12-30 18:24,NULL,1585677,은하수공원,6,"세종특별자치시 연기면 정안세종로 1527 은하수공원, 화장시설 주차장",NULL,36.532123,127.245097,24시간 이용가능,ME,환경부,환경부,031-994-6115 ,2,2.02501E+13,2.02412E+13,2.02412E+13,NULL,NULL,50,단독,36,36110,A0,A004,Y,NULL,N,NULL,N,NULL,YES,36.5321,127.245,0,0
1593680,ME183162,52,2024-12-30 17:40,2024-12-30 17:53,NULL,1585676,세종호수공원제2주차장,4,"세종특별자치시 어진동 621, 입구 우측",NULL,36.5002765,127.2691866,24시간 이용가능,ME,환경부,환경부,1661-9408,2,2.02501E+13,2.02501E+13,2.02501E+13,NULL,NULL,100,동시,36,36110,B0,B001,Y,NULL,N,NULL,N,NULL,YES,36.5003,127.269,0,0
1592621,PWE04183,12,2024-12-30 17:14,2024-12-30 17:20,NULL,1584601,새뜸마을10단지아파트,2,세종특별자치시 새롬중앙로 90,NULL,36.48859315,127.2511262,24시간 이용가능,PW,파워큐브,파워큐브코리아,1833-8017,9,2.02412E+13,2.02412E+13,2.02412E+13,2.02412E+13,NULL,3,단독,36,36110,H0,H001,Y,NULL,Y,거주자외 출입제한,N,NULL,YES,36.4886,127.251,0,0
1592620,PW100775,4,2024-12-30 13:45,2024-12-30 17:17,NULL,1584600,해들마을1단지입주자대표회의,2,세종특별자치시 대평1길 27,NULL,36.46984857,127.2772721,24시간 이용가능,PW,파워큐브,파워큐브코리아,1833-8017,3,2.02412E+13,2.02412E+13,2.02412E+13,2.02412E+13,NULL,7,단독,36,36110,H0,H001,Y,NULL,Y,거주자외 출입제한,N,NULL,YES,36.4698,127.277,0,0
1592619,PW013120,20,2024-12-30 14:39,2024-12-30 17:19,NULL,1584599,새뜸마을1단지,2,세종특별자치시 새롬남로 18,NULL,36.47993497,127.2467778,24시간 이용가능,PW,파워큐브,파워큐브코리아,1833-8017,2,2.02412E+13,2.02412E+13,2.02412E+13,NULL,NULL,7,단독,36,36110,H0,H001,Y,NULL,Y,거주자외 출입제한,N,NULL,YES,36.4799,127.247,0,0
1592618,PW012439,2,2024-12-30 16:09,2024-12-30 17:18,NULL,1584598,새샘마을5단지 입주자대표회의,2,세종특별자치시 남세종로 301,NULL,36.48133107,127.3044351,24시간 이용가능,PW,파워큐브,파워큐브,1833-8017,3,2.02412E+13,2.02412E+13,2.02412E+13,2.02412E+13,NULL,NULL,NULL,36,36110,H0,H001,Y,NULL,Y,거주자외 출입제한,N,NULL,YES,36.4813,127.304,0,0
1592617,IN044005,1,2024-12-30 13:29,2024-12-30 17:21,NULL,1584597,이마트세종점,2,세종특별자치시 금송로 687,NULL,36.4709,127.2512,24시간 이용가능,IN,신세계아이앤씨,신세계아이앤씨,1899-7495,2,2.02412E+13,2.02412E+13,2.02412E+13,NULL,NULL,7,단독,36,36110,E0,E001,N,NULL,N,NULL,N,NULL,YES,36.4709,127.251,0,0
1592616,HW000131,5,2024-12-30 15:53,2024-12-30 17:18,NULL,1584596,세종특별자치시청,2,세종특별자치시 한누리대로 2130,NULL,36.4800121,127.2890691,09:00~18:00,HW,한화솔루션,한화솔루션,1533-3464,2,2.02412E+13,2.02412E+13,2.02412E+13,NULL,NULL,7,단독,36,36110,A0,A001,Y,NULL,N,NULL,N,NULL,YES,36.48,127.289,0,0
1592615,HM200015,4,2024-12-30 9:52,2024-12-30 17:19,NULL,1584595,고려대학교 세종캠퍼스,2,세종특별자치시 조치원읍 세종로 2511,NULL,36.61169462,127.2910027,24시간 이용가능,HM,휴맥스이브이,휴맥스이브이,1800-3188,2,2.02412E+13,2.02412E+13,2.02412E+13,NULL,NULL,7,단독,36,36110,J0,J001,Y,NULL,N,NULL,N,NULL,YES,36.6117,127.291,0,0
1592614,HM000458,9,2024-12-30 12:28,2024-12-30 15:18,NULL,1584594,새뜸마을3단지,2,세종특별자치시 새롬북로 14,NULL,36.48632015,127.2465663,24시간 이용가능,HM,휴맥스이브이,HUMAX EV,1800-3188,3,2.02412E+13,2.02412E+13,2.02412E+13,2.02412E+13,NULL,7,단독,36,36110,H0,H001,N,거주자외 사용불가,Y,NULL,N,NULL,YES,36.4863,127.247,0,0
1592613,HE000634,6,2024-12-30 12:39,2024-12-30 13:36,NULL,1584593,코스트코 세종점,4,세종특별자치시 종합운동장1로 14,NULL,36.467122,127.269885,24시간 이용가능,HE,한국전기차충전서비스,한국전기차충전서비스,1522-1782,2,2.02412E+13,2.02412E+13,2.02412E+13,NULL,NULL,100,동시,36,36110,E0,E001,Y,NULL,N,시설 상황에 따라 이용이 제한될 수 있음,N,NULL,YES,36.4671,127.27,0,0
1592612,EP210161,2,2024-12-27 10:12,2024-12-27 4:12,NULL,1584592,콘티넨탈,2,세종특별자치시 부강면 금호선말길 74-7,NULL,36.4980261,127.3625763,24시간 이용가능,EP,이카플러그,이카플러그,이카플러그,2,2.02501E+13,2.02412E+13,2.02412E+13,NULL,NULL,7,단독,36,36110,H0,H003,Y,NULL,Y,시설 상황에 따라 이용이 제한될 수 있음,N,NULL,YES,36.498,127.363,0,0
1592611,CV003180,2,2024-12-30 13:02,2024-12-30 13:17,NULL,1584591,도담동행정복지센터,4,세종특별자치시 보람로 77,NULL,36.515418,127.261745,24시간 이용가능,CV,대영채비,대영채비,1522-2573,2,2.02412E+13,2.02412E+13,2.02412E+13,NULL,NULL,100,동시,36,36110,A0,A002,N,NULL,N,NULL,N,NULL,YES,36.5154,127.262,0,0
1592610,CV001711,3,2024-12-27 8:16,2024-12-27 9:49,NULL,1584590,대통령기록관,2,세종특별자치시 다솜로 250,NULL,36.501642,127.273244,24시간 이용가능,CV,대영채비,대영채비,1522-2573,2,2.02412E+13,2.02412E+13,2.02412E+13,NULL,NULL,7,단독,36,36110,D0,D008,Y,NULL,N,NULL,N,NULL,YES,36.5016,127.273,0,0
1592609,CV000656,2,2024-12-30 16:05,2024-12-30 16:05,NULL,1584589,(세종시)다정동 복합커뮤니티센터,2,세종특별자치시 다정중앙로 40,NULL,36.4943093,127.2500613,24시간 이용가능,CV,대영채비,대영채비(주),1522-2573,2,2.02412E+13,2.02412E+13,2.02412E+13,NULL,NULL,NULL,NULL,36,36110,A0,A002,N,NULL,N,NULL,N,NULL,NO,36.4943,127.25,0,0
1592608,ME23A219,22,2024-12-30 11:42,2024-12-30 12:15,NULL,1584588,고운동 복합커뮤니티센터(남측),4,세종특별자치시 마음로 64,NULL,36.5053321,127.2354707,24시간 이용가능,ME,환경부,환경부,1661-9408,2,2.02501E+13,2.02501E+13,2.02501E+13,NULL,NULL,200,단독,36,36110,A0,A002,Y,NULL,N,NULL,N,NULL,YES,36.5053,127.235,0,0
1592607,ME22C215,2,2024-12-27 14:44,2024-12-27 14:46,NULL,1584587,정부세종청사 중앙동,4,세종특별자치시 도음6로 42,NULL,36.5019899,127.2633337,24시간 이용가능,ME,환경부,환경부,1661-9408,2,2.02501E+13,2.02412E+13,2.02412E+13,NULL,NULL,100,단독,36,36110,A0,A003,Y,NULL,N,NULL,N,NULL,YES,36.502,127.263,0,0
1592606,ME19F403,1,2024-12-30 15:49,2024-12-30 16:20,NULL,1584586,세종중앙공원주차장2,4,세종특별자치시 연기면 수목원로 136,NULL,36.49897513,127.2831925,24시간 이용가능,ME,환경부,환경부,1661-9408,2,2.02501E+13,2.02412E+13,2.02412E+13,NULL,NULL,100,단독,36,36110,B0,B002,Y,NULL,N,NULL,N,NULL,YES,36.499,127.283,0,0
1592605,ME18A214,12,2024-12-30 16:14,2024-12-30 16:57,NULL,1584585,원수산 아래 BMX경기장,4,세종특별자치시 연기면 세종리 659-30,NULL,36.522604,127.267463,24시간 이용가능,ME,환경부,환경부,1661-9408,2,2.02501E+13,2.02501E+13,2.02501E+13,NULL,NULL,200,동시,36,36110,J0,J007,Y,NULL,N,NULL,N,NULL,YES,36.5226,127.267,0,0
1592604,ME18A214,11,2024-12-30 16:16,2024-12-30 16:59,NULL,1584584,원수산 아래 BMX경기장,4,세종특별자치시 연기면 세종리 659-30,NULL,36.522604,127.267463,24시간 이용가능,ME,환경부,환경부,1661-9408,2,2.02501E+13,2.02412E+13,2.02412E+13,NULL,NULL,200,동시,36,36110,J0,J007,Y,NULL,N,NULL,N,NULL,YES,36.5226,127.267,0,0
