id,travel_id,embedding,embedding_model,created_at,updated_at
1,1,...,jhgan/ko-sroberta-multitask,"2025-03-18 14:43:24","2025-03-18 14:43:24"
2,2,...,jhgan/ko-sroberta-multitask,"2025-03-18 14:43:25","2025-03-18 14:43:25"
3,3,...,jhgan/ko-sroberta-multitask,"2025-03-18 14:43:25","2025-03-18 14:43:25"
4,4,...,jhgan/ko-sroberta-multitask,"2025-03-18 14:43:25","2025-03-18 14:43:25"
5,5,...,jhgan/ko-sroberta-multitask,"2025-03-18 14:43:25","2025-03-18 14:43:25"
6,6,...,jhgan/ko-sroberta-multitask,"2025-03-18 14:43:25","2025-03-18 14:43:25"
7,7,...,jhgan/ko-sroberta-multitask,"2025-03-18 14:43:25","2025-03-18 14:43:25"
8,8,...,jhgan/ko-sroberta-multitask,"2025-03-18 14:43:25","2025-03-18 14:43:25"
9,9,...,jhgan/ko-sroberta-multitask,"2025-03-18 14:43:25","2025-03-18 14:43:25"
10,10,...,jhgan/ko-sroberta-multitask,"2025-03-18 14:43:25","2025-03-18 14:43:25"
11,11,...,jhgan/ko-sroberta-multitask,"2025-03-18 14:43:25","2025-03-18 14:43:25"
12,12,...,jhgan/ko-sroberta-multitask,"2025-03-18 14:43:25","2025-03-18 14:43:25"
13,13,...,jhgan/ko-sroberta-multitask,"2025-03-18 14:43:25","2025-03-18 14:43:25"
14,14,...,jhgan/ko-sroberta-multitask,"2025-03-18 14:43:25","2025-03-18 14:43:25"
15,15,...,jhgan/ko-sroberta-multitask,"2025-03-18 14:43:25","2025-03-18 14:43:25"
16,16,...,jhgan/ko-sroberta-multitask,"2025-03-18 14:43:25","2025-03-18 14:43:25"
17,17,...,jhgan/ko-sroberta-multitask,"2025-03-18 14:43:25","2025-03-18 14:43:25"
18,18,...,jhgan/ko-sroberta-multitask,"2025-03-18 14:43:25","2025-03-18 14:43:25"
19,19,...,jhgan/ko-sroberta-multitask,"2025-03-18 14:43:25","2025-03-18 14:43:25"
20,20,...,jhgan/ko-sroberta-multitask,"2025-03-18 14:43:25","2025-03-18 14:43:25"
21,21,...,jhgan/ko-sroberta-multitask,"2025-03-18 14:43:26","2025-03-18 14:43:26"
22,22,...,jhgan/ko-sroberta-multitask,"2025-03-18 14:43:26","2025-03-18 14:43:26"
23,23,...,jhgan/ko-sroberta-multitask,"2025-03-18 14:43:26","2025-03-18 14:43:26"
24,24,...,jhgan/ko-sroberta-multitask,"2025-03-18 14:43:26","2025-03-18 14:43:26"
25,25,...,jhgan/ko-sroberta-multitask,"2025-03-18 14:43:26","2025-03-18 14:43:26"
26,26,...,jhgan/ko-sroberta-multitask,"2025-03-18 14:43:26","2025-03-18 14:43:26"
27,27,...,jhgan/ko-sroberta-multitask,"2025-03-18 14:43:26","2025-03-18 14:43:26"
28,28,...,jhgan/ko-sroberta-multitask,"2025-03-18 14:43:26","2025-03-18 14:43:26"
29,29,...,jhgan/ko-sroberta-multitask,"2025-03-18 14:43:26","2025-03-18 14:43:26"
30,30,...,jhgan/ko-sroberta-multitask,"2025-03-18 14:43:26","2025-03-18 14:43:26"
31,31,...,jhgan/ko-sroberta-multitask,"2025-03-18 14:43:26","2025-03-18 14:43:26"
32,32,...,jhgan/ko-sroberta-multitask,"2025-03-18 14:43:26","2025-03-18 14:43:26"
33,33,...,jhgan/ko-sroberta-multitask,"2025-03-18 14:43:26","2025-03-18 14:43:26"
34,34,...,jhgan/ko-sroberta-multitask,"2025-03-18 14:43:26","2025-03-18 14:43:26"
35,35,...,jhgan/ko-sroberta-multitask,"2025-03-18 14:43:26","2025-03-18 14:43:26"
36,36,...,jhgan/ko-sroberta-multitask,"2025-03-18 14:43:26","2025-03-18 14:43:26"
37,37,...,jhgan/ko-sroberta-multitask,"2025-03-18 14:43:26","2025-03-18 14:43:26"
38,38,...,jhgan/ko-sroberta-multitask,"2025-03-18 14:43:26","2025-03-18 14:43:26"
39,39,...,jhgan/ko-sroberta-multitask,"2025-03-18 14:43:26","2025-03-18 14:43:26"
40,40,...,jhgan/ko-sroberta-multitask,"2025-03-18 14:43:26","2025-03-18 14:43:26"
41,41,...,jhgan/ko-sroberta-multitask,"2025-03-18 14:43:27","2025-03-18 14:43:27"
42,42,...,jhgan/ko-sroberta-multitask,"2025-03-18 14:43:27","2025-03-18 14:43:27"
43,43,...,jhgan/ko-sroberta-multitask,"2025-03-18 14:43:27","2025-03-18 14:43:27"
44,44,...,jhgan/ko-sroberta-multitask,"2025-03-18 14:43:27","2025-03-18 14:43:27"
45,45,...,jhgan/ko-sroberta-multitask,"2025-03-18 14:43:27","2025-03-18 14:43:27"
46,46,...,jhgan/ko-sroberta-multitask,"2025-03-18 14:43:27","2025-03-18 14:43:27"
47,47,...,jhgan/ko-sroberta-multitask,"2025-03-18 14:43:27","2025-03-18 14:43:27"
48,48,...,jhgan/ko-sroberta-multitask,"2025-03-18 14:43:27","2025-03-18 14:43:27"
49,49,...,jhgan/ko-sroberta-multitask,"2025-03-18 14:43:27","2025-03-18 14:43:27"
50,50,...,jhgan/ko-sroberta-multitask,"2025-03-18 14:43:27","2025-03-18 14:43:27"
51,51,...,jhgan/ko-sroberta-multitask,"2025-03-18 14:43:27","2025-03-18 14:43:27"
52,52,...,jhgan/ko-sroberta-multitask,"2025-03-18 14:43:27","2025-03-18 14:43:27"
53,53,...,jhgan/ko-sroberta-multitask,"2025-03-18 14:43:27","2025-03-18 14:43:27"
54,54,...,jhgan/ko-sroberta-multitask,"2025-03-18 14:43:27","2025-03-18 14:43:27"
55,55,...,jhgan/ko-sroberta-multitask,"2025-03-18 14:43:27","2025-03-18 14:43:27"
56,56,...,jhgan/ko-sroberta-multitask,"2025-03-18 14:43:27","2025-03-18 14:43:27"
57,57,...,jhgan/ko-sroberta-multitask,"2025-03-18 14:43:27","2025-03-18 14:43:27"
58,58,...,jhgan/ko-sroberta-multitask,"2025-03-18 14:43:27","2025-03-18 14:43:27"
59,59,...,jhgan/ko-sroberta-multitask,"2025-03-18 14:43:27","2025-03-18 14:43:27"
60,60,...,jhgan/ko-sroberta-multitask,"2025-03-18 14:43:27","2025-03-18 14:43:27"
61,61,...,jhgan/ko-sroberta-multitask,"2025-03-18 14:43:28","2025-03-18 14:43:28"
62,62,...,jhgan/ko-sroberta-multitask,"2025-03-18 14:43:28","2025-03-18 14:43:28"
63,63,...,jhgan/ko-sroberta-multitask,"2025-03-18 14:43:28","2025-03-18 14:43:28"
64,64,...,jhgan/ko-sroberta-multitask,"2025-03-18 14:43:28","2025-03-18 14:43:28"
65,65,...,jhgan/ko-sroberta-multitask,"2025-03-18 14:43:28","2025-03-18 14:43:28"
66,66,...,jhgan/ko-sroberta-multitask,"2025-03-18 14:43:28","2025-03-18 14:43:28"
67,67,...,jhgan/ko-sroberta-multitask,"2025-03-18 14:43:28","2025-03-18 14:43:28"
68,68,...,jhgan/ko-sroberta-multitask,"2025-03-18 14:43:28","2025-03-18 14:43:28"
69,69,...,jhgan/ko-sroberta-multitask,"2025-03-18 14:43:28","2025-03-18 14:43:28"
70,70,...,jhgan/ko-sroberta-multitask,"2025-03-18 14:43:28","2025-03-18 14:43:28"
71,71,...,jhgan/ko-sroberta-multitask,"2025-03-18 14:43:28","2025-03-18 14:43:28"
72,72,...,jhgan/ko-sroberta-multitask,"2025-03-18 14:43:28","2025-03-18 14:43:28"
73,73,...,jhgan/ko-sroberta-multitask,"2025-03-18 14:43:28","2025-03-18 14:43:28"
74,74,...,jhgan/ko-sroberta-multitask,"2025-03-18 14:43:28","2025-03-18 14:43:28"
75,75,...,jhgan/ko-sroberta-multitask,"2025-03-18 14:43:28","2025-03-18 14:43:28"
76,76,...,jhgan/ko-sroberta-multitask,"2025-03-18 14:43:28","2025-03-18 14:43:28"
77,77,...,jhgan/ko-sroberta-multitask,"2025-03-18 14:43:28","2025-03-18 14:43:28"
78,78,...,jhgan/ko-sroberta-multitask,"2025-03-18 14:43:28","2025-03-18 14:43:28"
79,79,...,jhgan/ko-sroberta-multitask,"2025-03-18 14:43:28","2025-03-18 14:43:28"
80,80,...,jhgan/ko-sroberta-multitask,"2025-03-18 14:43:28","2025-03-18 14:43:28"
81,81,...,jhgan/ko-sroberta-multitask,"2025-03-18 14:43:29","2025-03-18 14:43:29"
82,82,...,jhgan/ko-sroberta-multitask,"2025-03-18 14:43:29","2025-03-18 14:43:29"
83,83,...,jhgan/ko-sroberta-multitask,"2025-03-18 14:43:29","2025-03-18 14:43:29"
84,84,...,jhgan/ko-sroberta-multitask,"2025-03-18 14:43:29","2025-03-18 14:43:29"
85,85,...,jhgan/ko-sroberta-multitask,"2025-03-18 14:43:29","2025-03-18 14:43:29"
86,86,...,jhgan/ko-sroberta-multitask,"2025-03-18 14:43:29","2025-03-18 14:43:29"
87,87,...,jhgan/ko-sroberta-multitask,"2025-03-18 14:43:29","2025-03-18 14:43:29"
88,88,...,jhgan/ko-sroberta-multitask,"2025-03-18 14:43:29","2025-03-18 14:43:29"
89,89,...,jhgan/ko-sroberta-multitask,"2025-03-18 14:43:29","2025-03-18 14:43:29"
90,90,...,jhgan/ko-sroberta-multitask,"2025-03-18 14:43:29","2025-03-18 14:43:29"
91,91,...,jhgan/ko-sroberta-multitask,"2025-03-18 14:43:29","2025-03-18 14:43:29"
92,92,...,jhgan/ko-sroberta-multitask,"2025-03-18 14:43:29","2025-03-18 14:43:29"
93,93,...,jhgan/ko-sroberta-multitask,"2025-03-18 14:43:29","2025-03-18 14:43:29"
94,94,...,jhgan/ko-sroberta-multitask,"2025-03-18 14:43:29","2025-03-18 14:43:29"
95,95,...,jhgan/ko-sroberta-multitask,"2025-03-18 14:43:29","2025-03-18 14:43:29"
96,96,...,jhgan/ko-sroberta-multitask,"2025-03-18 14:43:29","2025-03-18 14:43:29"
97,97,...,jhgan/ko-sroberta-multitask,"2025-03-18 14:43:29","2025-03-18 14:43:29"
98,98,...,jhgan/ko-sroberta-multitask,"2025-03-18 14:43:29","2025-03-18 14:43:29"
99,99,...,jhgan/ko-sroberta-multitask,"2025-03-18 14:43:29","2025-03-18 14:43:29"
100,100,...,jhgan/ko-sroberta-multitask,"2025-03-18 14:43:29","2025-03-18 14:43:29"
101,101,...,jhgan/ko-sroberta-multitask,"2025-03-18 14:43:30","2025-03-18 14:43:30"
102,102,...,jhgan/ko-sroberta-multitask,"2025-03-18 14:43:30","2025-03-18 14:43:30"
103,103,...,jhgan/ko-sroberta-multitask,"2025-03-18 14:43:30","2025-03-18 14:43:30"
104,104,...,jhgan/ko-sroberta-multitask,"2025-03-18 14:43:30","2025-03-18 14:43:30"
105,105,...,jhgan/ko-sroberta-multitask,"2025-03-18 14:43:30","2025-03-18 14:43:30"
106,106,...,jhgan/ko-sroberta-multitask,"2025-03-18 14:43:30","2025-03-18 14:43:30"
107,107,...,jhgan/ko-sroberta-multitask,"2025-03-18 14:43:30","2025-03-18 14:43:30"
108,108,...,jhgan/ko-sroberta-multitask,"2025-03-18 14:43:30","2025-03-18 14:43:30"
109,109,...,jhgan/ko-sroberta-multitask,"2025-03-18 14:43:30","2025-03-18 14:43:30"
110,110,...,jhgan/ko-sroberta-multitask,"2025-03-18 14:43:30","2025-03-18 14:43:30"
111,111,...,jhgan/ko-sroberta-multitask,"2025-03-18 14:43:30","2025-03-18 14:43:30"
112,112,...,jhgan/ko-sroberta-multitask,"2025-03-18 14:43:30","2025-03-18 14:43:30"
113,113,...,jhgan/ko-sroberta-multitask,"2025-03-18 14:43:30","2025-03-18 14:43:30"
114,114,...,jhgan/ko-sroberta-multitask,"2025-03-18 14:43:30","2025-03-18 14:43:30"
115,115,...,jhgan/ko-sroberta-multitask,"2025-03-18 14:43:30","2025-03-18 14:43:30"
116,116,...,jhgan/ko-sroberta-multitask,"2025-03-18 14:43:30","2025-03-18 14:43:30"
117,117,...,jhgan/ko-sroberta-multitask,"2025-03-18 14:43:30","2025-03-18 14:43:30"
118,118,...,jhgan/ko-sroberta-multitask,"2025-03-18 14:43:30","2025-03-18 14:43:30"
119,119,...,jhgan/ko-sroberta-multitask,"2025-03-18 14:43:30","2025-03-18 14:43:30"
120,120,...,jhgan/ko-sroberta-multitask,"2025-03-18 14:43:30","2025-03-18 14:43:30"
121,121,...,jhgan/ko-sroberta-multitask,"2025-03-18 14:43:30","2025-03-18 14:43:30"
122,122,...,jhgan/ko-sroberta-multitask,"2025-03-18 14:43:31","2025-03-18 14:43:31"
123,123,...,jhgan/ko-sroberta-multitask,"2025-03-18 14:43:31","2025-03-18 14:43:31"
124,124,...,jhgan/ko-sroberta-multitask,"2025-03-18 14:43:31","2025-03-18 14:43:31"
125,125,...,jhgan/ko-sroberta-multitask,"2025-03-18 14:43:31","2025-03-18 14:43:31"
126,126,...,jhgan/ko-sroberta-multitask,"2025-03-18 14:43:31","2025-03-18 14:43:31"
127,127,...,jhgan/ko-sroberta-multitask,"2025-03-18 14:43:31","2025-03-18 14:43:31"
128,128,...,jhgan/ko-sroberta-multitask,"2025-03-18 14:43:31","2025-03-18 14:43:31"
129,129,...,jhgan/ko-sroberta-multitask,"2025-03-18 14:43:31","2025-03-18 14:43:31"
130,130,...,jhgan/ko-sroberta-multitask,"2025-03-18 14:43:31","2025-03-18 14:43:31"
131,131,...,jhgan/ko-sroberta-multitask,"2025-03-18 14:43:31","2025-03-18 14:43:31"
132,132,...,jhgan/ko-sroberta-multitask,"2025-03-18 14:43:31","2025-03-18 14:43:31"
133,133,...,jhgan/ko-sroberta-multitask,"2025-03-18 14:43:31","2025-03-18 14:43:31"
134,134,...,jhgan/ko-sroberta-multitask,"2025-03-18 14:43:31","2025-03-18 14:43:31"
135,135,...,jhgan/ko-sroberta-multitask,"2025-03-18 14:43:31","2025-03-18 14:43:31"
136,136,...,jhgan/ko-sroberta-multitask,"2025-03-18 14:43:31","2025-03-18 14:43:31"
137,137,...,jhgan/ko-sroberta-multitask,"2025-03-18 14:43:31","2025-03-18 14:43:31"
138,138,...,jhgan/ko-sroberta-multitask,"2025-03-18 14:43:31","2025-03-18 14:43:31"
139,139,...,jhgan/ko-sroberta-multitask,"2025-03-18 14:43:31","2025-03-18 14:43:31"
140,140,...,jhgan/ko-sroberta-multitask,"2025-03-18 14:43:31","2025-03-18 14:43:31"
141,141,...,jhgan/ko-sroberta-multitask,"2025-03-18 14:43:31","2025-03-18 14:43:31"
142,142,...,jhgan/ko-sroberta-multitask,"2025-03-18 14:43:31","2025-03-18 14:43:31"
143,143,...,jhgan/ko-sroberta-multitask,"2025-03-18 14:43:32","2025-03-18 14:43:32"
144,144,...,jhgan/ko-sroberta-multitask,"2025-03-18 14:43:32","2025-03-18 14:43:32"
145,145,...,jhgan/ko-sroberta-multitask,"2025-03-18 14:43:32","2025-03-18 14:43:32"
146,146,...,jhgan/ko-sroberta-multitask,"2025-03-18 14:43:32","2025-03-18 14:43:32"
147,147,...,jhgan/ko-sroberta-multitask,"2025-03-18 14:43:32","2025-03-18 14:43:32"
148,148,...,jhgan/ko-sroberta-multitask,"2025-03-18 14:43:32","2025-03-18 14:43:32"
149,149,...,jhgan/ko-sroberta-multitask,"2025-03-18 14:43:32","2025-03-18 14:43:32"
150,150,...,jhgan/ko-sroberta-multitask,"2025-03-18 14:43:32","2025-03-18 14:43:32"
151,151,...,jhgan/ko-sroberta-multitask,"2025-03-18 14:43:32","2025-03-18 14:43:32"
152,152,...,jhgan/ko-sroberta-multitask,"2025-03-18 14:43:32","2025-03-18 14:43:32"
153,153,...,jhgan/ko-sroberta-multitask,"2025-03-18 14:43:32","2025-03-18 14:43:32"
154,154,...,jhgan/ko-sroberta-multitask,"2025-03-18 14:43:32","2025-03-18 14:43:32"
155,155,...,jhgan/ko-sroberta-multitask,"2025-03-18 14:43:32","2025-03-18 14:43:32"
156,156,...,jhgan/ko-sroberta-multitask,"2025-03-18 14:43:32","2025-03-18 14:43:32"
157,157,...,jhgan/ko-sroberta-multitask,"2025-03-18 14:43:32","2025-03-18 14:43:32"
158,158,...,jhgan/ko-sroberta-multitask,"2025-03-18 14:43:32","2025-03-18 14:43:32"
159,159,...,jhgan/ko-sroberta-multitask,"2025-03-18 14:43:32","2025-03-18 14:43:32"
160,160,...,jhgan/ko-sroberta-multitask,"2025-03-18 14:43:32","2025-03-18 14:43:32"
161,161,...,jhgan/ko-sroberta-multitask,"2025-03-18 14:43:32","2025-03-18 14:43:32"
162,162,...,jhgan/ko-sroberta-multitask,"2025-03-18 14:43:32","2025-03-18 14:43:32"
163,163,...,jhgan/ko-sroberta-multitask,"2025-03-18 14:43:32","2025-03-18 14:43:32"
164,164,...,jhgan/ko-sroberta-multitask,"2025-03-18 14:43:32","2025-03-18 14:43:32"
165,165,...,jhgan/ko-sroberta-multitask,"2025-03-18 14:43:32","2025-03-18 14:43:32"
166,166,...,jhgan/ko-sroberta-multitask,"2025-03-18 14:43:32","2025-03-18 14:43:32"
167,167,...,jhgan/ko-sroberta-multitask,"2025-03-18 14:43:32","2025-03-18 14:43:32"
168,168,...,jhgan/ko-sroberta-multitask,"2025-03-18 14:43:32","2025-03-18 14:43:32"
169,169,...,jhgan/ko-sroberta-multitask,"2025-03-18 14:43:32","2025-03-18 14:43:32"
170,170,...,jhgan/ko-sroberta-multitask,"2025-03-18 14:43:32","2025-03-18 14:43:32"
171,171,...,jhgan/ko-sroberta-multitask,"2025-03-18 14:43:32","2025-03-18 14:43:32"
172,172,...,jhgan/ko-sroberta-multitask,"2025-03-18 14:43:32","2025-03-18 14:43:32"
173,173,...,jhgan/ko-sroberta-multitask,"2025-03-18 14:43:32","2025-03-18 14:43:32"
174,174,...,jhgan/ko-sroberta-multitask,"2025-03-18 14:43:32","2025-03-18 14:43:32"
175,175,...,jhgan/ko-sroberta-multitask,"2025-03-18 14:43:32","2025-03-18 14:43:32"
176,176,...,jhgan/ko-sroberta-multitask,"2025-03-18 14:43:32","2025-03-18 14:43:32"
177,177,...,jhgan/ko-sroberta-multitask,"2025-03-18 14:43:32","2025-03-18 14:43:32"
178,178,...,jhgan/ko-sroberta-multitask,"2025-03-18 14:43:32","2025-03-18 14:43:32"
179,179,...,jhgan/ko-sroberta-multitask,"2025-03-18 14:43:32","2025-03-18 14:43:32"
180,180,...,jhgan/ko-sroberta-multitask,"2025-03-18 14:43:32","2025-03-18 14:43:32"
181,181,...,jhgan/ko-sroberta-multitask,"2025-03-18 14:43:33","2025-03-18 14:43:33"
182,182,...,jhgan/ko-sroberta-multitask,"2025-03-18 14:43:33","2025-03-18 14:43:33"
183,183,...,jhgan/ko-sroberta-multitask,"2025-03-18 14:43:33","2025-03-18 14:43:33"
184,184,...,jhgan/ko-sroberta-multitask,"2025-03-18 14:43:33","2025-03-18 14:43:33"
185,185,...,jhgan/ko-sroberta-multitask,"2025-03-18 14:43:33","2025-03-18 14:43:33"
186,186,...,jhgan/ko-sroberta-multitask,"2025-03-18 14:43:33","2025-03-18 14:43:33"
187,187,...,jhgan/ko-sroberta-multitask,"2025-03-18 14:43:33","2025-03-18 14:43:33"
188,188,...,jhgan/ko-sroberta-multitask,"2025-03-18 14:43:33","2025-03-18 14:43:33"
189,189,...,jhgan/ko-sroberta-multitask,"2025-03-18 14:43:33","2025-03-18 14:43:33"
190,190,...,jhgan/ko-sroberta-multitask,"2025-03-18 14:43:33","2025-03-18 14:43:33"
191,191,...,jhgan/ko-sroberta-multitask,"2025-03-18 14:43:33","2025-03-18 14:43:33"
192,192,...,jhgan/ko-sroberta-multitask,"2025-03-18 14:43:33","2025-03-18 14:43:33"
193,193,...,jhgan/ko-sroberta-multitask,"2025-03-18 14:43:33","2025-03-18 14:43:33"
194,194,...,jhgan/ko-sroberta-multitask,"2025-03-18 14:43:33","2025-03-18 14:43:33"
195,195,...,jhgan/ko-sroberta-multitask,"2025-03-18 14:43:33","2025-03-18 14:43:33"
196,196,...,jhgan/ko-sroberta-multitask,"2025-03-18 14:43:33","2025-03-18 14:43:33"
197,197,...,jhgan/ko-sroberta-multitask,"2025-03-18 14:43:33","2025-03-18 14:43:33"
198,198,...,jhgan/ko-sroberta-multitask,"2025-03-18 14:43:33","2025-03-18 14:43:33"
199,199,...,jhgan/ko-sroberta-multitask,"2025-03-18 14:43:33","2025-03-18 14:43:33"
200,200,...,jhgan/ko-sroberta-multitask,"2025-03-18 14:43:33","2025-03-18 14:43:33"
201,201,...,jhgan/ko-sroberta-multitask,"2025-03-18 14:43:34","2025-03-18 14:43:34"
202,202,...,jhgan/ko-sroberta-multitask,"2025-03-18 14:43:34","2025-03-18 14:43:34"
203,203,...,jhgan/ko-sroberta-multitask,"2025-03-18 14:43:34","2025-03-18 14:43:34"
204,204,...,jhgan/ko-sroberta-multitask,"2025-03-18 14:43:34","2025-03-18 14:43:34"
205,205,...,jhgan/ko-sroberta-multitask,"2025-03-18 14:43:34","2025-03-18 14:43:34"
206,206,...,jhgan/ko-sroberta-multitask,"2025-03-18 14:43:34","2025-03-18 14:43:34"
207,207,...,jhgan/ko-sroberta-multitask,"2025-03-18 14:43:34","2025-03-18 14:43:34"
208,208,...,jhgan/ko-sroberta-multitask,"2025-03-18 14:43:34","2025-03-18 14:43:34"
209,209,...,jhgan/ko-sroberta-multitask,"2025-03-18 14:43:34","2025-03-18 14:43:34"
210,210,...,jhgan/ko-sroberta-multitask,"2025-03-18 14:43:34","2025-03-18 14:43:34"
211,211,...,jhgan/ko-sroberta-multitask,"2025-03-18 14:43:34","2025-03-18 14:43:34"
212,212,...,jhgan/ko-sroberta-multitask,"2025-03-18 14:43:34","2025-03-18 14:43:34"
213,213,...,jhgan/ko-sroberta-multitask,"2025-03-18 14:43:34","2025-03-18 14:43:34"
214,214,...,jhgan/ko-sroberta-multitask,"2025-03-18 14:43:34","2025-03-18 14:43:34"
215,215,...,jhgan/ko-sroberta-multitask,"2025-03-18 14:43:34","2025-03-18 14:43:34"
216,216,...,jhgan/ko-sroberta-multitask,"2025-03-18 14:43:34","2025-03-18 14:43:34"
217,217,...,jhgan/ko-sroberta-multitask,"2025-03-18 14:43:34","2025-03-18 14:43:34"
218,218,...,jhgan/ko-sroberta-multitask,"2025-03-18 14:43:34","2025-03-18 14:43:34"
219,219,...,jhgan/ko-sroberta-multitask,"2025-03-18 14:43:34","2025-03-18 14:43:34"
220,220,...,jhgan/ko-sroberta-multitask,"2025-03-18 14:43:34","2025-03-18 14:43:34"
221,221,...,jhgan/ko-sroberta-multitask,"2025-03-18 14:43:35","2025-03-18 14:43:35"
222,222,...,jhgan/ko-sroberta-multitask,"2025-03-18 14:43:35","2025-03-18 14:43:35"
223,223,...,jhgan/ko-sroberta-multitask,"2025-03-18 14:43:35","2025-03-18 14:43:35"
224,224,...,jhgan/ko-sroberta-multitask,"2025-03-18 14:43:35","2025-03-18 14:43:35"
225,225,...,jhgan/ko-sroberta-multitask,"2025-03-18 14:43:35","2025-03-18 14:43:35"
226,226,...,jhgan/ko-sroberta-multitask,"2025-03-18 14:43:35","2025-03-18 14:43:35"
227,227,...,jhgan/ko-sroberta-multitask,"2025-03-18 14:43:35","2025-03-18 14:43:35"
228,228,...,jhgan/ko-sroberta-multitask,"2025-03-18 14:43:35","2025-03-18 14:43:35"
229,229,...,jhgan/ko-sroberta-multitask,"2025-03-18 14:43:35","2025-03-18 14:43:35"
230,230,...,jhgan/ko-sroberta-multitask,"2025-03-18 14:43:35","2025-03-18 14:43:35"
231,231,...,jhgan/ko-sroberta-multitask,"2025-03-18 14:43:35","2025-03-18 14:43:35"
232,232,...,jhgan/ko-sroberta-multitask,"2025-03-18 14:43:35","2025-03-18 14:43:35"
233,233,...,jhgan/ko-sroberta-multitask,"2025-03-18 14:43:35","2025-03-18 14:43:35"
234,234,...,jhgan/ko-sroberta-multitask,"2025-03-18 14:43:35","2025-03-18 14:43:35"
235,235,...,jhgan/ko-sroberta-multitask,"2025-03-18 14:43:35","2025-03-18 14:43:35"
236,236,...,jhgan/ko-sroberta-multitask,"2025-03-18 14:43:35","2025-03-18 14:43:35"
237,237,...,jhgan/ko-sroberta-multitask,"2025-03-18 14:43:35","2025-03-18 14:43:35"
238,238,...,jhgan/ko-sroberta-multitask,"2025-03-18 14:43:35","2025-03-18 14:43:35"
239,239,...,jhgan/ko-sroberta-multitask,"2025-03-18 14:43:35","2025-03-18 14:43:35"
240,240,...,jhgan/ko-sroberta-multitask,"2025-03-18 14:43:35","2025-03-18 14:43:35"
241,241,...,jhgan/ko-sroberta-multitask,"2025-03-18 14:43:36","2025-03-18 14:43:36"
242,242,...,jhgan/ko-sroberta-multitask,"2025-03-18 14:43:36","2025-03-18 14:43:36"
243,243,...,jhgan/ko-sroberta-multitask,"2025-03-18 14:43:36","2025-03-18 14:43:36"
244,244,...,jhgan/ko-sroberta-multitask,"2025-03-18 14:43:36","2025-03-18 14:43:36"
245,245,...,jhgan/ko-sroberta-multitask,"2025-03-18 14:43:36","2025-03-18 14:43:36"
246,246,...,jhgan/ko-sroberta-multitask,"2025-03-18 14:43:36","2025-03-18 14:43:36"
247,247,...,jhgan/ko-sroberta-multitask,"2025-03-18 14:43:36","2025-03-18 14:43:36"
248,248,...,jhgan/ko-sroberta-multitask,"2025-03-18 14:43:36","2025-03-18 14:43:36"
249,249,...,jhgan/ko-sroberta-multitask,"2025-03-18 14:43:36","2025-03-18 14:43:36"
250,250,...,jhgan/ko-sroberta-multitask,"2025-03-18 14:43:36","2025-03-18 14:43:36"
251,251,...,jhgan/ko-sroberta-multitask,"2025-03-18 14:43:36","2025-03-18 14:43:36"
252,252,...,jhgan/ko-sroberta-multitask,"2025-03-18 14:43:36","2025-03-18 14:43:36"
253,253,...,jhgan/ko-sroberta-multitask,"2025-03-18 14:43:36","2025-03-18 14:43:36"
254,254,...,jhgan/ko-sroberta-multitask,"2025-03-18 14:43:36","2025-03-18 14:43:36"
255,255,...,jhgan/ko-sroberta-multitask,"2025-03-18 14:43:36","2025-03-18 14:43:36"
256,256,...,jhgan/ko-sroberta-multitask,"2025-03-18 14:43:36","2025-03-18 14:43:36"
257,257,...,jhgan/ko-sroberta-multitask,"2025-03-18 14:43:36","2025-03-18 14:43:36"
258,258,...,jhgan/ko-sroberta-multitask,"2025-03-18 14:43:36","2025-03-18 14:43:36"
259,259,...,jhgan/ko-sroberta-multitask,"2025-03-18 14:43:36","2025-03-18 14:43:36"
260,260,...,jhgan/ko-sroberta-multitask,"2025-03-18 14:43:36","2025-03-18 14:43:36"
261,261,...,jhgan/ko-sroberta-multitask,"2025-03-18 14:43:37","2025-03-18 14:43:37"
262,262,...,jhgan/ko-sroberta-multitask,"2025-03-18 14:43:37","2025-03-18 14:43:37"
263,263,...,jhgan/ko-sroberta-multitask,"2025-03-18 14:43:37","2025-03-18 14:43:37"
264,264,...,jhgan/ko-sroberta-multitask,"2025-03-18 14:43:37","2025-03-18 14:43:37"
265,265,...,jhgan/ko-sroberta-multitask,"2025-03-18 14:43:37","2025-03-18 14:43:37"
266,266,...,jhgan/ko-sroberta-multitask,"2025-03-18 14:43:37","2025-03-18 14:43:37"
267,267,...,jhgan/ko-sroberta-multitask,"2025-03-18 14:43:37","2025-03-18 14:43:37"
268,268,...,jhgan/ko-sroberta-multitask,"2025-03-18 14:43:37","2025-03-18 14:43:37"
269,269,...,jhgan/ko-sroberta-multitask,"2025-03-18 14:43:37","2025-03-18 14:43:37"
270,270,...,jhgan/ko-sroberta-multitask,"2025-03-18 14:43:37","2025-03-18 14:43:37"
271,271,...,jhgan/ko-sroberta-multitask,"2025-03-18 14:43:37","2025-03-18 14:43:37"
272,272,...,jhgan/ko-sroberta-multitask,"2025-03-18 14:43:37","2025-03-18 14:43:37"
273,273,...,jhgan/ko-sroberta-multitask,"2025-03-18 14:43:37","2025-03-18 14:43:37"
274,274,...,jhgan/ko-sroberta-multitask,"2025-03-18 14:43:37","2025-03-18 14:43:37"
275,275,...,jhgan/ko-sroberta-multitask,"2025-03-18 14:43:37","2025-03-18 14:43:37"
276,276,...,jhgan/ko-sroberta-multitask,"2025-03-18 14:43:37","2025-03-18 14:43:37"
277,277,...,jhgan/ko-sroberta-multitask,"2025-03-18 14:43:37","2025-03-18 14:43:37"
278,278,...,jhgan/ko-sroberta-multitask,"2025-03-18 14:43:37","2025-03-18 14:43:37"
279,279,...,jhgan/ko-sroberta-multitask,"2025-03-18 14:43:37","2025-03-18 14:43:37"
280,280,...,jhgan/ko-sroberta-multitask,"2025-03-18 14:43:37","2025-03-18 14:43:37"
281,281,...,jhgan/ko-sroberta-multitask,"2025-03-18 14:43:38","2025-03-18 14:43:38"
282,282,...,jhgan/ko-sroberta-multitask,"2025-03-18 14:43:38","2025-03-18 14:43:38"
283,283,...,jhgan/ko-sroberta-multitask,"2025-03-18 14:43:38","2025-03-18 14:43:38"
284,284,...,jhgan/ko-sroberta-multitask,"2025-03-18 14:43:38","2025-03-18 14:43:38"
285,285,...,jhgan/ko-sroberta-multitask,"2025-03-18 14:43:38","2025-03-18 14:43:38"
286,286,...,jhgan/ko-sroberta-multitask,"2025-03-18 14:43:38","2025-03-18 14:43:38"
287,287,...,jhgan/ko-sroberta-multitask,"2025-03-18 14:43:38","2025-03-18 14:43:38"
288,288,...,jhgan/ko-sroberta-multitask,"2025-03-18 14:43:38","2025-03-18 14:43:38"
289,289,...,jhgan/ko-sroberta-multitask,"2025-03-18 14:43:38","2025-03-18 14:43:38"
290,290,...,jhgan/ko-sroberta-multitask,"2025-03-18 14:43:38","2025-03-18 14:43:38"
291,291,...,jhgan/ko-sroberta-multitask,"2025-03-18 14:43:38","2025-03-18 14:43:38"
292,292,...,jhgan/ko-sroberta-multitask,"2025-03-18 14:43:38","2025-03-18 14:43:38"
293,293,...,jhgan/ko-sroberta-multitask,"2025-03-18 14:43:38","2025-03-18 14:43:38"
294,294,...,jhgan/ko-sroberta-multitask,"2025-03-18 14:43:38","2025-03-18 14:43:38"
295,295,...,jhgan/ko-sroberta-multitask,"2025-03-18 14:43:38","2025-03-18 14:43:38"
296,296,...,jhgan/ko-sroberta-multitask,"2025-03-18 14:43:38","2025-03-18 14:43:38"
297,297,...,jhgan/ko-sroberta-multitask,"2025-03-18 14:43:38","2025-03-18 14:43:38"
298,298,...,jhgan/ko-sroberta-multitask,"2025-03-18 14:43:38","2025-03-18 14:43:38"
299,299,...,jhgan/ko-sroberta-multitask,"2025-03-18 14:43:38","2025-03-18 14:43:38"
300,300,...,jhgan/ko-sroberta-multitask,"2025-03-18 14:43:38","2025-03-18 14:43:38"
301,301,...,jhgan/ko-sroberta-multitask,"2025-03-18 14:43:39","2025-03-18 14:43:39"
302,302,...,jhgan/ko-sroberta-multitask,"2025-03-18 14:43:39","2025-03-18 14:43:39"
303,303,...,jhgan/ko-sroberta-multitask,"2025-03-18 14:43:39","2025-03-18 14:43:39"
304,304,...,jhgan/ko-sroberta-multitask,"2025-03-18 14:43:39","2025-03-18 14:43:39"
305,305,...,jhgan/ko-sroberta-multitask,"2025-03-18 14:43:39","2025-03-18 14:43:39"
306,306,...,jhgan/ko-sroberta-multitask,"2025-03-18 14:43:39","2025-03-18 14:43:39"
307,307,...,jhgan/ko-sroberta-multitask,"2025-03-18 14:43:39","2025-03-18 14:43:39"
308,308,...,jhgan/ko-sroberta-multitask,"2025-03-18 14:43:39","2025-03-18 14:43:39"
309,309,...,jhgan/ko-sroberta-multitask,"2025-03-18 14:43:39","2025-03-18 14:43:39"
310,310,...,jhgan/ko-sroberta-multitask,"2025-03-18 14:43:39","2025-03-18 14:43:39"
311,311,...,jhgan/ko-sroberta-multitask,"2025-03-18 14:43:39","2025-03-18 14:43:39"
312,312,...,jhgan/ko-sroberta-multitask,"2025-03-18 14:43:39","2025-03-18 14:43:39"
313,313,...,jhgan/ko-sroberta-multitask,"2025-03-18 14:43:39","2025-03-18 14:43:39"
314,314,...,jhgan/ko-sroberta-multitask,"2025-03-18 14:43:39","2025-03-18 14:43:39"
315,315,...,jhgan/ko-sroberta-multitask,"2025-03-18 14:43:39","2025-03-18 14:43:39"
316,316,...,jhgan/ko-sroberta-multitask,"2025-03-18 14:43:39","2025-03-18 14:43:39"
317,317,...,jhgan/ko-sroberta-multitask,"2025-03-18 14:43:39","2025-03-18 14:43:39"
318,318,...,jhgan/ko-sroberta-multitask,"2025-03-18 14:43:39","2025-03-18 14:43:39"
319,319,...,jhgan/ko-sroberta-multitask,"2025-03-18 14:43:39","2025-03-18 14:43:39"
320,320,...,jhgan/ko-sroberta-multitask,"2025-03-18 14:43:39","2025-03-18 14:43:39"
321,321,...,jhgan/ko-sroberta-multitask,"2025-03-18 14:43:40","2025-03-18 14:43:40"
322,322,...,jhgan/ko-sroberta-multitask,"2025-03-18 14:43:40","2025-03-18 14:43:40"
323,323,...,jhgan/ko-sroberta-multitask,"2025-03-18 14:43:40","2025-03-18 14:43:40"
324,324,...,jhgan/ko-sroberta-multitask,"2025-03-18 14:43:40","2025-03-18 14:43:40"
325,325,...,jhgan/ko-sroberta-multitask,"2025-03-18 14:43:40","2025-03-18 14:43:40"
326,326,...,jhgan/ko-sroberta-multitask,"2025-03-18 14:43:40","2025-03-18 14:43:40"
327,327,...,jhgan/ko-sroberta-multitask,"2025-03-18 14:43:40","2025-03-18 14:43:40"
328,328,...,jhgan/ko-sroberta-multitask,"2025-03-18 14:43:40","2025-03-18 14:43:40"
329,329,...,jhgan/ko-sroberta-multitask,"2025-03-18 14:43:40","2025-03-18 14:43:40"
330,330,...,jhgan/ko-sroberta-multitask,"2025-03-18 14:43:40","2025-03-18 14:43:40"
331,331,...,jhgan/ko-sroberta-multitask,"2025-03-18 14:43:40","2025-03-18 14:43:40"
332,332,...,jhgan/ko-sroberta-multitask,"2025-03-18 14:43:40","2025-03-18 14:43:40"
333,333,...,jhgan/ko-sroberta-multitask,"2025-03-18 14:43:40","2025-03-18 14:43:40"
334,334,...,jhgan/ko-sroberta-multitask,"2025-03-18 14:43:40","2025-03-18 14:43:40"
335,335,...,jhgan/ko-sroberta-multitask,"2025-03-18 14:43:40","2025-03-18 14:43:40"
336,336,...,jhgan/ko-sroberta-multitask,"2025-03-18 14:43:40","2025-03-18 14:43:40"
337,337,...,jhgan/ko-sroberta-multitask,"2025-03-18 14:43:40","2025-03-18 14:43:40"
338,338,...,jhgan/ko-sroberta-multitask,"2025-03-18 14:43:40","2025-03-18 14:43:40"
339,339,...,jhgan/ko-sroberta-multitask,"2025-03-18 14:43:40","2025-03-18 14:43:40"
340,340,...,jhgan/ko-sroberta-multitask,"2025-03-18 14:43:40","2025-03-18 14:43:40"
341,341,...,jhgan/ko-sroberta-multitask,"2025-03-18 14:43:41","2025-03-18 14:43:41"
342,342,...,jhgan/ko-sroberta-multitask,"2025-03-18 14:43:41","2025-03-18 14:43:41"
343,343,...,jhgan/ko-sroberta-multitask,"2025-03-18 14:43:41","2025-03-18 14:43:41"
344,344,...,jhgan/ko-sroberta-multitask,"2025-03-18 14:43:41","2025-03-18 14:43:41"
345,345,...,jhgan/ko-sroberta-multitask,"2025-03-18 14:43:41","2025-03-18 14:43:41"
346,346,...,jhgan/ko-sroberta-multitask,"2025-03-18 14:43:41","2025-03-18 14:43:41"
347,347,...,jhgan/ko-sroberta-multitask,"2025-03-18 14:43:41","2025-03-18 14:43:41"
348,348,...,jhgan/ko-sroberta-multitask,"2025-03-18 14:43:41","2025-03-18 14:43:41"
349,349,...,jhgan/ko-sroberta-multitask,"2025-03-18 14:43:41","2025-03-18 14:43:41"
350,350,...,jhgan/ko-sroberta-multitask,"2025-03-18 14:43:41","2025-03-18 14:43:41"
351,351,...,jhgan/ko-sroberta-multitask,"2025-03-18 14:43:41","2025-03-18 14:43:41"
352,352,...,jhgan/ko-sroberta-multitask,"2025-03-18 14:43:41","2025-03-18 14:43:41"
353,353,...,jhgan/ko-sroberta-multitask,"2025-03-18 14:43:41","2025-03-18 14:43:41"
354,354,...,jhgan/ko-sroberta-multitask,"2025-03-18 14:43:41","2025-03-18 14:43:41"
355,355,...,jhgan/ko-sroberta-multitask,"2025-03-18 14:43:41","2025-03-18 14:43:41"
356,356,...,jhgan/ko-sroberta-multitask,"2025-03-18 14:43:41","2025-03-18 14:43:41"
357,357,...,jhgan/ko-sroberta-multitask,"2025-03-18 14:43:41","2025-03-18 14:43:41"
358,358,...,jhgan/ko-sroberta-multitask,"2025-03-18 14:43:41","2025-03-18 14:43:41"
359,359,...,jhgan/ko-sroberta-multitask,"2025-03-18 14:43:41","2025-03-18 14:43:41"
360,360,...,jhgan/ko-sroberta-multitask,"2025-03-18 14:43:41","2025-03-18 14:43:41"
361,361,...,jhgan/ko-sroberta-multitask,"2025-03-18 14:43:42","2025-03-18 14:43:42"
362,362,...,jhgan/ko-sroberta-multitask,"2025-03-18 14:43:42","2025-03-18 14:43:42"
363,363,...,jhgan/ko-sroberta-multitask,"2025-03-18 14:43:42","2025-03-18 14:43:42"
364,364,...,jhgan/ko-sroberta-multitask,"2025-03-18 14:43:42","2025-03-18 14:43:42"
365,365,...,jhgan/ko-sroberta-multitask,"2025-03-18 14:43:42","2025-03-18 14:43:42"
366,366,...,jhgan/ko-sroberta-multitask,"2025-03-18 14:43:42","2025-03-18 14:43:42"
367,367,...,jhgan/ko-sroberta-multitask,"2025-03-18 14:43:42","2025-03-18 14:43:42"
368,368,...,jhgan/ko-sroberta-multitask,"2025-03-18 14:43:42","2025-03-18 14:43:42"
369,369,...,jhgan/ko-sroberta-multitask,"2025-03-18 14:43:42","2025-03-18 14:43:42"
370,370,...,jhgan/ko-sroberta-multitask,"2025-03-18 14:43:42","2025-03-18 14:43:42"
371,371,...,jhgan/ko-sroberta-multitask,"2025-03-18 14:43:42","2025-03-18 14:43:42"
372,372,...,jhgan/ko-sroberta-multitask,"2025-03-18 14:43:42","2025-03-18 14:43:42"
373,373,...,jhgan/ko-sroberta-multitask,"2025-03-18 14:43:42","2025-03-18 14:43:42"
374,374,...,jhgan/ko-sroberta-multitask,"2025-03-18 14:43:42","2025-03-18 14:43:42"
375,375,...,jhgan/ko-sroberta-multitask,"2025-03-18 14:43:42","2025-03-18 14:43:42"
376,376,...,jhgan/ko-sroberta-multitask,"2025-03-18 14:43:42","2025-03-18 14:43:42"
377,377,...,jhgan/ko-sroberta-multitask,"2025-03-18 14:43:42","2025-03-18 14:43:42"
378,378,...,jhgan/ko-sroberta-multitask,"2025-03-18 14:43:42","2025-03-18 14:43:42"
379,379,...,jhgan/ko-sroberta-multitask,"2025-03-18 14:43:42","2025-03-18 14:43:42"
380,380,...,jhgan/ko-sroberta-multitask,"2025-03-18 14:43:42","2025-03-18 14:43:42"
381,381,...,jhgan/ko-sroberta-multitask,"2025-03-18 14:43:43","2025-03-18 14:43:43"
382,382,...,jhgan/ko-sroberta-multitask,"2025-03-18 14:43:43","2025-03-18 14:43:43"
383,383,...,jhgan/ko-sroberta-multitask,"2025-03-18 14:43:43","2025-03-18 14:43:43"
384,384,...,jhgan/ko-sroberta-multitask,"2025-03-18 14:43:43","2025-03-18 14:43:43"
385,385,...,jhgan/ko-sroberta-multitask,"2025-03-18 14:43:43","2025-03-18 14:43:43"
386,386,...,jhgan/ko-sroberta-multitask,"2025-03-18 14:43:43","2025-03-18 14:43:43"
387,387,...,jhgan/ko-sroberta-multitask,"2025-03-18 14:43:43","2025-03-18 14:43:43"
388,388,...,jhgan/ko-sroberta-multitask,"2025-03-18 14:43:43","2025-03-18 14:43:43"
389,389,...,jhgan/ko-sroberta-multitask,"2025-03-18 14:43:43","2025-03-18 14:43:43"
390,390,...,jhgan/ko-sroberta-multitask,"2025-03-18 14:43:43","2025-03-18 14:43:43"
391,391,...,jhgan/ko-sroberta-multitask,"2025-03-18 14:43:43","2025-03-18 14:43:43"
392,392,...,jhgan/ko-sroberta-multitask,"2025-03-18 14:43:43","2025-03-18 14:43:43"
393,393,...,jhgan/ko-sroberta-multitask,"2025-03-18 14:43:43","2025-03-18 14:43:43"
394,394,...,jhgan/ko-sroberta-multitask,"2025-03-18 14:43:43","2025-03-18 14:43:43"
395,395,...,jhgan/ko-sroberta-multitask,"2025-03-18 14:43:43","2025-03-18 14:43:43"
396,396,...,jhgan/ko-sroberta-multitask,"2025-03-18 14:43:43","2025-03-18 14:43:43"
397,397,...,jhgan/ko-sroberta-multitask,"2025-03-18 14:43:43","2025-03-18 14:43:43"
398,398,...,jhgan/ko-sroberta-multitask,"2025-03-18 14:43:43","2025-03-18 14:43:43"
399,399,...,jhgan/ko-sroberta-multitask,"2025-03-18 14:43:43","2025-03-18 14:43:43"
400,400,...,jhgan/ko-sroberta-multitask,"2025-03-18 14:43:43","2025-03-18 14:43:43"
