별점,리뷰,날짜
5,"예약 꼭 필수로 하셔야 원하는 시간에 먹을 수 있고, 저도 처음에 자리나겠지라는 생각에 멋모르고 갔다가 두시간이 지나도 안나서 못갔던 기억이ㅠㅠ
2인에 기본 6만원이고 이모카세마냥 나옵니다
사진은 4인 기준이고 저는 나름 가성비 괜찮고 나오는 안주들이 다 싱싱해서 만족했어요
생선회 엄청 좋아하는데 여름 전어랑 놀래미 회가 이렇게 맛있는줄은 처음 알았네요 !
갈치도 살이 통통했고 성게를 숟가락으로 퍼먹을 수 있어서 너무 좋았어요 ♥
특히 바쁘신 와중에도 이모님들이 정겹고
손 맛이 괜찮으심
통영 여행 간 김에 가보시는거 추천합니닷 ㅎㅎ
꽤 높은 분도 오셔서 좀 놀랐습니다",2년 전
5,아즘마들이 친절하지안고 2인은 안받을려는게 단점이나 안주는 최고임 처음나온 시금치나물조차 맛있습니다 2인 육만원에 소주3병 또는 맥주5병이 포함되는데 안주가 끝없이 나옵니다 입구에서 들어갈까 말까 고민이될정도로 입구나 실내의 인테리어는 최악입니다 다음에 통영오면 꼭다시 들르게될거 같습니다  20190124 #다찌,수정일: 6년 전
5,통영에서 우연히 들어간 다찌. 인당 3만원에 푸짐하게 잘 먹고 나왔습니다!! 해산물도 좋고 이모님 솜씨가 좋으셔서 전이나 잡채도 맛있네요 ㅋㅋ,3년 전
5,"맛 ★★★★
분위기 ★★★★★
가격 ★★★★★
4월 봄 첫방문 이후, 10월 두번째 방문
2인 6만원 상 / 소주 3병 12,000원 + 안주 48,000원 인샘
첫 방문때 굉장히 만족했으나, 8월 휴가철 방문자평이 매우 안좋아서 반신반의하며 10월 예약을 잡음.
주류를 무조건 끼고 팔아서, 술먹지 않는사람에겐 비추천이지만, 원래 다찌집, 실비집이 식사가 아닌 술을 먹기위한 식당이고, 술값에 맞게 안주가 나오는  시스템이고, 최근 일부 다찌집이 관광객 영향을 많이 받아 가격은 오르고 퀄리티는 떨어지는 곳도 많아졌다.
다만 제철에 맞는 구성과 해산물 및 회의 선도가 좋고, 하이엔드 일식 오마카세보단 떨어지지만, 이정도 코스트와 양이면, 무조건 가야되는거 아닌가........참고로 이후 소주 추가시 10,000원이다. 하지만 두병 더 먹었다.
휴가철 돈벌려고 2인상 안받는지 모르겠지만,
10월에 갔을때는 2인도 친절하게 받아줬고, 사장님 계속 뭘 더 만들어줄려고 했다. 8월 휴가철에 한번더 가볼 생각이다.",4년 전
3,"인생 두번쩨 다찌 경험. 저번은 해산물 위주의 집이었다면 여긴 나물과 잡채, 부침개가 있고 은빛 찬란한 갈치구이와 고등어찜, 새우와 문어 그리고 꼴뚜기와 회 등이 있는 상차림. 주류가 포함되어 있다고는 들었지만 플라스틱 양동이에 나오는 점이 재미있다. 특히 마지막 하이라이트는 쌀떡과 조청. 해산물과 술로 피곤해진(?) 속을 탄수화물과 꿀로 달래주는 센스. 현지인들은 이 집 또는 맞은편 집을 자주 간다고 한다. 하나더 대합 속살과 양념을 다져 구운 것이 이집의 별미라고 하는데 아쉽게도 오늘은 없었다.",4년 전
3,"컨디션이 저조한날이었고 사진을 많이 못 찍었어서 아쉬웠다. 다찌는 처음이지만 여기 다찌는 개인적으로 별로... 비추이다ㅎㅎ 같은 가격으로 그냥 다른 곳에서 원하는 종류의 해산물을 배터지게 먹는 것이 이득일듯!
2인기준 6만원, 술 3병 포함 가격이다 (여담이지만 역시 2인 손님은 잘 받지 않으려고 하셨다).",4년 전
3,맛있음 우린 술을 못먹어서 음료수로 대체함 ㅋㅋ 해산물 많이 못먹어서 뒤에나오는 거는 거의 못먹음... 생선은 쪄서 한번더 구우시는거 같던데 찐거에서 냄새가 좀 나서 재방문은 안할듯...,3년 전
3,"그냥 쏘쏘..
사장님은 친절..
다소 비좁은 노포의 불편함이 있으나
도란도란 이야기하기 좋음..",2년 전
5,"방어, 볼락 등 제철생선 먹을 수 있어욜
멍게, 해삼, 굴도 신선하고 괜찮았습니다
무엇보다도 맨 마지막에 아구탕인가? 국물이 끝내줘요. 술 너무 마시지 마시고 안주 하나하나를 음미하길 추천!",6년 전
4,"신선한 해산물 종류별로 횟집에서 먹는것보다 꽤나 훌 륭했어요~~ 큼지막하게 썰어나오는 전복이며, 멍게며
너무 맛있네요! 특히나 마지막에 나온 아구지리는 술을 부릅니다^^",7년 전
5,"2인기본 6만원에 술은 추가주문...

배터질뻔...ㅎㅎ",2년 전
5,해산물에 술 좋아하는 사람이면 누구나 좋아할만한 곳!,수정일: 4년 전
5,"왜 블루리본을 받았는지 알겠습니다
부담스럽지 않은 적절한 맛과 친절",3달 전
1,"대추나무 다찌집!가지마세요!허경환아버님 단골집이라고 하는데 음식이 상해었요!음식도 맛도 없구요
상한음식을 주인은 드시더라구요~본인들은 상한지 잘모르겠다고 하시면서 전국일주 3일차데 최악으로 기역할것 같씁니다",9달 전
5,통영 그 자체~ 상다리휘어짐,10달 전
5,통영 여행사 가이드님 추천식당,2년 전
5,"음식 하나하나가 맛나는 곳. 규모가 작아서인지 음식에 신경을 더 쓰는 것 같네요.
통영의 많은 다찌집은 유행을 탄다고 보면 될겁니다.
어느집이 특별하게 맛있거나 맛없는 편은 거의 없죠.  하지만 각자한테 맞는 집은 있을 수 있습니다.  분위기, 청결도, 서비스,  등 그때그때 다른 게 다찌집이죠.
한번 메스컴에 나오면 블로거나 각종 인터넷검색에서 많은 손님들이 찾아가다보니 대부분 실망을 맛보고 다시는 안가야겠다는 경우가 허다한 편이죠.  그래도 대추나무는 규모는 작으나 반찬 하나하나가 맛있는 편입니다.
물론 같은 음식도 계속 가다보면 질리기도 해서 현지인들은 여러군데 돌아가며 다닙니다.
바닷가 사람들의 인심도 있고 장사하는 사람마다 스타일이 다르다보니 집마다 분위기는 다양합니다.
이 집은 조용히 오는 몇몇 손님에만 신경쓰는 지 일단 다른 집보다는 조용하고 단체보다는 4명이하 친한 분들과 먹기 좋아보이네요.",수정일: 6년 전
1,2명은 가지마시고. 안 받아줍니다. 받는다면 그날은 장사 안되는 날이라 준비 덜 해서 음식 잘 못 받습니다. 기본 술 다 마시고 추가 술 가격(소주 1만원)은 다 받는데 손님 없을꺼 같아서 줄게 없다고... 심지어 다른 테이블에 나가던것도 안나오네요. 물론 타이밍이 문제겠지만요.,4년 전
5,"지역민이 찾는 다찌집이라 추천받았는데 정말로 외부시설이나 음식이 향토적이었어요~^^
시설이 오래된 노포 분위기이지만 끝을 알 수 없는 다양한 음식의 향연이 경이로웠고 집밥을 먹는 듯 정성스러웠습니다~^^",5년 전
5,통영다찌👍👍👍 꼼장어 수육은 첨 먹어봄…,6년 전
1,"타지에서 오면 덤탱이 씌우는 곳.

1인당 3만원, 총 3명이서 9만원 + 술 3병 시켰는데

회가 전갱이랑 놀래미가 끝이다? ㅎㅎ;;

지역 주민이 옆테이블이었는데 거긴 게가 나오는데 우린 테이블은 안 준다?

분명 주변 테이블 우리보다 술 더 안 시켰는데 자꾸 술 안 시키냐고 쿠사리 준다?

하여튼 관광객들은 관광객들이 주로 가는 곳에 가야 하는 이유가 다 있음.

여기 추천한 야소주반도 갔는데 거긴 재료는 괜찮을지 몰라도 음식 스킬이 뛰어나지 않으니 패스하시는게 ㅎㅎ;;",3년 전
4,"고급진 느낌보다 제대로된 한상을 받고 싶다면...  여기 추천! 단, 음식이 빨리 빨리 나오므로 식성이 좋은사람이 최소 1,2명은 있어야됨.",5년 전
1,"여기 음식 맛있습니다. 그런데, 장염조심하세요. 서울서 주말이라 통영 놀러갔다가 10월 5일 토요일 저녁에 대추나무에서 저녁 먹고 6일 새벽부터 근육통, 설사, 매스꺼움, 배아픔으로 너무 힘들어서 일요일 아침에 겨우 약국 찾아서 갔더니 장염이라고 하더군요. 통영 구경할 몸상태가 아니라서 서울로 올라오면서 식당에 전화했더니 사장님은 “몇십년 동안 장사하면서 이런 전화 처음 받아본다, 손님이 장이 약해서 그런거다, 다른데서 음식 잘못먹어서 그런거다, 전날에 술을 마셔서 그런거다.” 하길래 “우리 일행 2틀 동안 여행하면서 코다리조림, 오리탕, 된장찌개, 소고기국밥 먹었고 전날에 술도 안 마셨다. 장이 약해서 그런거면 모든 음식 먹을 때마다 장염에 걸려야 하는거냐?” 이런 이야기를 주고받는데 전화를 끊어버리시네요. 같이 간 일행도 서울서 통영까지 가서 구경도 제대로 못하고 장염으로 고생한 것도 억울한데 제대로 된 사과도 못 받아서 몇 번 전화했는데 통화하다가 끊어버리고 계속 전화 안받고 몇시간 후 홀에서 서빙하던 분(주인딸)과 겨우 통화했는데 책임없다는 핑계만 대다가 “재료는 당일 3~4시에 받아오기 때문에 문제가 없지만 치료비 영수증 제출하면 보상하겠다.”하셨는데 끝까지 “미안하다. 위생에 신경쓰겠다. 몸은 괜찮냐?”이런 말은 못들었네요. 기분이 너무 나빠서 병원비도 청구하지 않았고 지금까지 통영에 여러번 여행갔지만 이렇게 어이없는 경우는 처음이라 대추나무 식당에 대한 후기 남깁니다. 검색해서 제가 식당 예약했는데 일행에게 많이 미안하네요ㅠ.ㅠ",5년 전
4,코스요리입니다 해산물 + 술 해서 인당 3만원 입니다 해산물 요리가 많아서 좋아하시는 분들은 추천드립니다 근데 양이 많아서 남기게되네요~,6년 전
1,하루전날 오후 5시 15분경 예약하고 다음날 기대감을 갖고 3시간 넘게 차로 이동해서 찾아갔지만 자기들은 당일 예약만 받는다며 하루전날 예약은 받지 않는다고 나가라며 문전박대 당했습니다. 당일 예약만 된다면 사전에 언급을 해줬어야지 몇번이나 내일이라고 강조를 했는데도 그런예약은 받는적 없다며 나가라는 태도에 정말 황당했습니다. 혹시나 가실분들이 있다면 음성 녹음을 해두고 가시기 바랍니다. 장사가 잘되어서 그런지 몰라도 고객을 대하는 태도가 정말 최악입니다.,4년 전
4,통영 전통 다찌집. 음식은 아주 좋으나 분위기 따지는 분(선술집 분위기 좋아하시는 분은 제외) 입구에서 부터 당황할수 있음.,6년 전
5,통영에서는 통영사람들이  지주가는 곳입니다  예약은 필수입니다 다양한 안주를  맛볼수 있습니다,6년 전
5,맛있어요,1년 전
5,"다찌집에서 해산물 질리도록 먹었습니다^^
맛있는 음식을 다양하게 먹을수 있어서 너무 좋았어요!",5년 전
4,"가격도 다른 유명한 곳에 비해 저렴하고
다양한 해물요리를 친절하게 차려 주어 만족",2년 전
5,최고의 다찌집 입니다. 너~무 맛있고 요리도 다양하고 신선해요,5년 전
5,방송에 나온집이라 가격대비 맛좋고 사장님친절하시고 다음에도 방문의향있음,3년 전
5,간만에 진짜 맛있게 먹었습니다. 너무 행복했습니다. 먹는게 행복하단 느낌 진짜 오랫만이여요,5년 전
5,재료도 훌륭하지만 음식솜씨도 훌륭해서 모든 반찬이 맛있음. 다시 통영을 온다면 또 가볼 집,6년 전
3,"생선구이 전문점
계란후라이를 원하시면 직접 조리해 먹을 수 있음.",6년 전
1,"2명이 가면 자리없다고 받지않네요.
옆에 자리하는 분들이 나간다고 하니..재료가 없다고 나가라고 합니다...이건 쫌..",5년 전
1,"4만원 내고 이거먹지마세요
너무 빈약하네요..
로컬횟집 가시길…",2년 전
4,통영의 대표적인 다찌 식당에서 맛있게 먹었네요,3년 전
2,다른다찌와 변빌력없음 소주4병이 포함된 가격인데 3병으로속임,5년 전
5,간장게장먹고 남은 국물에 라면사리 넣어서 끓여 먹으니 맛있더라구요,6년 전
5,"맛깔나고 푸짐한 다찌집
아이들과 가서 맛있게 먹었네요",5년 전
5,맛은 최고인데 2인은 거의 힘들고 3-4인 이상은 되야 받아줍니다.,6년 전
4,내입이 도시촌놈이라 음식을 남긴게 미안합니다~,5년 전
4,"메뉴들 퀄리티 굳
술은 기본에 포함이 아님?",2년 전
4,대추나무 다찌집. 2인 6만원 기본,4년 전
3,현지인들은 절대 안갈듯 합니다. 외지인들한테 소문난 집,1년 전
5,"최고의 맛집
주당들에겐 천국같은 통영다찌",6년 전
4,"다찌집
안주가 풍성하게 제공되는 술집",5년 전
4,다찌집 여기저기 많이 검색해보다가 갔는데 좋았습니다,수정일: 6년 전
4,다찌 집 술만 시키면 안주는 주인장이 알아서 준다,12년 전
1,"진짜 불친절의 끝 !! 그런식으로 장사하시면서
앞으로도 번창하세요 ~~^^",5년 전
4,저렴하게 통영식 다찌를 즐길수있는 곳,6년 전
3,한번정도 경험만..,4년 전
4,통영의  맛집으로 추천,5년 전
2,항남동 해변이용원 옆집,6년 전
5,맛집 중 맛집,7년 전
1,2명이라고오지말라네,9년 전
5,오래된 다찌집. 예전 통영식 다찌.,6년 전
3,친절하지 않음.,4년 전
4,통영 지인이 알려준 다찌집,5년 전
5,아주 좋습니다,5년 전
4,호우,3년 전
5,좋아요,6년 전
3,명성 그대로 ㅎㅎ,7년 전
5,다찌  한상,3년 전
2,이곳이 왜 유명한지 잘 모르겠습니다. 돌아 가지 않습니다.,1년 전
4,좋은,6년 전
5,리뷰 없음,6년 전
4,리뷰 없음,5년 전
1,리뷰 없음,1년 전
4,리뷰 없음,1년 전
1,리뷰 없음,2년 전
3,리뷰 없음,2년 전
5,리뷰 없음,3년 전
3,리뷰 없음,1년 전
5,리뷰 없음,2년 전
3,리뷰 없음,2년 전
5,리뷰 없음,2년 전
3,리뷰 없음,3년 전
1,리뷰 없음,3년 전
3,리뷰 없음,3년 전
5,리뷰 없음,3년 전
1,리뷰 없음,3년 전
5,리뷰 없음,4년 전
3,리뷰 없음,4년 전
4,리뷰 없음,4년 전
5,리뷰 없음,4년 전
3,리뷰 없음,5년 전
3,리뷰 없음,5년 전
4,리뷰 없음,5년 전
2,리뷰 없음,5년 전
3,리뷰 없음,5년 전
4,리뷰 없음,5년 전
4,리뷰 없음,5년 전
5,리뷰 없음,5년 전
3,리뷰 없음,5년 전
5,리뷰 없음,5년 전
5,리뷰 없음,5년 전
5,리뷰 없음,5년 전
5,리뷰 없음,6년 전
3,리뷰 없음,6년 전
4,리뷰 없음,6년 전
4,리뷰 없음,6년 전
3,리뷰 없음,6년 전
3,리뷰 없음,7년 전
